night,observationStartMJD,azimuth,altitude,rotTelPos,rotSkyPos,filter,band,scheduler_note,survey
1,61208.201382236985,180.46060701003083,74.34178364752916,-7.614660507900068,278.4046688434979,u_24,u,"templates uu, 30, 69",templates
2,61208.949003697984,14.051108869997899,73.80551113051877,44.422722639977685,58.08753264031231,r_57,r,greedy r,WFD (greedy)
3,61210.20012089963,353.5537453520576,74.17739744869588,25.383876869888887,59.02051394807074,u_24,u,"templates uu, 25, 25",templates
4,61211.32502462002,123.57604513041392,44.691284060280864,-38.92747832535917,217.126265688422,u_24,u,"DD:ELAISS1, 20260618, 0, 614",DDF
6,61212.94965840317,38.3602921597289,44.13544560602354,31.834306990444457,90.9933012713328,r_57,r,greedy r,WFD (greedy)
7,61213.949773451975,330.2624142691745,52.83378209983556,34.706457262254865,29.842101117014504,r_57,r,greedy r,WFD (greedy)
11,61217.95049045452,357.13176444332345,60.81477839875067,51.945530727180966,35.58672440113283,r_57,r,greedy r,WFD (greedy)
12,61218.95097743121,296.74215428256565,33.29896007999537,17.256765980422255,22.074913805101566,z_20,z,"twilight_near_sun, 0",twilight
13,61219.95089509826,25.019429601785212,65.71028841525171,39.720127361365655,71.96919964120029,r_57,r,greedy r,WFD (greedy)
14,61220.95106248418,0.6146548304230832,73.14280283928684,-5.422076414274355,95.99105523371777,r_57,r,greedy r,WFD (greedy)
15,61222.200654587934,275.34809491415314,73.65531572558096,-32.54482822412027,47.00015318278643,y_10,y,"templates yy, 4, 43",templates
16,61222.95189228054,298.2243469953872,32.5120858207143,6.559879963707309,33.59729224885334,i_39,i,"twilight_near_sun, 0",twilight
19,61225.95235780433,20.746563240323805,66.01906577668694,16.832240501892063,91.20615797952786,r_57,r,greedy r,WFD (greedy)
20,61226.95298138313,292.86632672845616,31.99809568239216,30.943804169936058,6.206846814804032,i_39,i,"twilight_near_sun, 0",twilight
21,61227.95295463316,333.5492537812666,74.54572050895155,-16.436456514518206,82.83544495129573,r_57,r,greedy r,WFD (greedy)
22,61229.20019363744,2.0141997401086376,61.49096577976951,57.410763189394785,34.47203012398212,i_39,i,"templates iz, 18, 18",templates
23,61229.95351765033,18.55122236787325,68.83112123410594,48.321315710479105,57.948888613348636,r_57,r,greedy r,WFD (greedy)
24,61231.200981196715,127.02889922604305,27.11214802853024,-46.8896649933786,209.807690039063,u_24,u,"DD:ELAISS1, 20260708, 0, 617",DDF
26,61232.95439556419,21.55002491855625,65.53723266852522,-2.96495613244748,111.69479854415509,r_57,r,greedy r,WFD (greedy)
28,61234.955389915216,290.60636042089743,32.53540682992684,-41.51612893119254,77.47694375138224,i_39,i,"twilight_near_sun, 0",twilight
29,61236.3259377365,75.96766120946734,31.137685714486665,8.574954281949275,138.57091507590943,u_24,u,"DD:XMM_LSS, 20260712, 0, 1",DDF
30,61236.95569216637,22.94670189897437,61.53043237126697,30.25686230990766,79.55609094792302,r_57,r,greedy r,WFD (greedy)
31,61238.20014514243,357.30543946785343,69.8859095359365,57.43435120263038,30.339918708930245,u_24,u,"templates uu, 7, 46",templates
32,61239.20632317685,21.481906516929968,70.59065147587883,-19.71608411058914,128.71120670276005,u_24,u,"templates uu, 37, 37",templates
33,61239.95671383948,358.8728140231687,56.483695873021915,-14.837117999995467,103.93318984144176,r_57,r,greedy r,WFD (greedy)
34,61240.957093293124,31.075238593967914,48.716751300058085,-3.0539391508981257,119.82420254771945,r_57,r,greedy r,WFD (greedy)
35,61241.95786518912,91.29465268937147,70.81378503977281,-36.88501361563539,207.35517944543636,r_57,r,greedy r,WFD (greedy)
36,61243.200840100566,251.0770264820128,82.85214391423936,-44.44127681284794,29.848597653493407,i_39,i,"pair_33, iz, bs 52, a",WFD (pairs)
37,61243.95809404393,342.7821669314889,52.349888943195985,-2.3655589660428484,77.52384047357238,r_57,r,greedy r,WFD (greedy)
39,61245.95865841471,352.66135971502916,73.70386375325609,21.838704092699636,61.71482728382131,r_57,r,greedy r,WFD (greedy)
40,61246.95943495765,288.1608534272305,33.80448154130343,-7.565782353940523,42.22563587865585,r_57,r,"twilight_near_sun, 0",twilight
41,61247.959402826215,353.22212469781647,71.90415153315045,41.20747523817431,42.893378688669124,r_57,r,greedy r,WFD (greedy)
42,61248.959773125636,335.1483732034376,62.5210351098732,24.733387601167017,43.96707393262043,r_57,r,greedy r,WFD (greedy)
44,61250.960773740255,295.35792211954663,31.99286813034357,39.91409709551038,358.6642383318193,r_57,r,"twilight_near_sun, 0",twilight
45,61252.20136776211,182.5553455519663,53.80560850203433,36.471550702560755,239.3594630018669,z_20,z,"templates iz, 10, 49",templates
47,61253.96153846909,28.73562027787359,70.47137642799291,-24.14987353881879,139.48202380909154,r_57,r,greedy r,WFD (greedy)
48,61255.20253650186,123.45673161759046,44.283031979208275,0.07161706568374933,177.65838758289837,y_10,y,"DD:ELAISS1, 20260801, 0, 725",DDF
54,61261.20654550008,123.37901330211359,49.53196172539728,-3.6173216899913094,186.33106212584974,u_24,u,"DD:ELAISS1, 20260807, 0, 629",DDF
55,61261.964300662425,14.105905749939513,68.928195696956,34.93956402289538,67.52364729356043,r_57,r,greedy r,WFD (greedy)
56,61262.96508065271,284.572926780198,33.23297992743821,-4.937029441616894,37.81751951769054,i_39,i,"twilight_near_sun, 0",twilight
58,61264.96540704204,3.9708866100528524,59.74859736006227,-42.36615510992088,135.92378950732382,r_57,r,greedy r,WFD (greedy)
59,61266.200614064204,281.0786087712287,74.11535035537185,-45.63210184650692,65.10960350337871,g_6,g,"templates gg, 6, 6",templates
60,61266.96617474012,35.47267499734802,51.454666675921914,20.817934665279676,99.45000491454198,r_57,r,greedy r,WFD (greedy)
61,61267.96639861193,359.0035095058541,70.45252625248692,-2.1329587436701827,91.3885661736563,r_57,r,greedy r,WFD (greedy)
62,61268.967001298115,52.02144932797754,68.70470546244903,8.624102680492813,126.64240951949726,r_57,r,greedy r,WFD (greedy)
63,61269.96718291699,339.14779644347817,55.95764824683152,32.46151903323353,39.73448892277146,r_57,r,greedy r,WFD (greedy)
84,61290.97496538727,275.5083741937948,31.235985135708713,-57.25282601937139,86.170464493933,i_39,i,"twilight_near_sun, 0",twilight
85,61292.20080879994,104.76008925470853,35.046646965586504,3.3650274740026944,157.5956360752124,u_24,u,"DD:ECDFS, 20260907, 0, 1294",DDF
87,61294.3023660835,90.54683606218916,68.28963996959452,-16.577458674982566,184.75709426662968,u_24,u,"DD:ECDFS, 20260909, 0, 1297",DDF
88,61294.97649150537,267.17739573095656,33.8385241211357,-40.66243746696314,65.32473325907513,z_20,z,"twilight_near_sun, 0",twilight
89,61295.97654157326,51.64322205687181,59.939269643913825,0.5973898379779377,132.94251862840028,r_57,r,greedy r,WFD (greedy)
90,61296.97670170621,12.659063366983842,70.41863830621615,-40.41326949393725,141.68750993408543,r_57,r,greedy r,WFD (greedy)
91,61297.9770186113,4.750587825826064,73.88365555105119,25.23816458437896,69.147701422983,r_57,r,greedy r,WFD (greedy)
92,61299.20046776807,300.24986597598667,68.92190158610468,-5.693554147373021,43.959161790555214,g_6,g,"templates gg, 4, 43",templates
93,61299.97796202357,39.87932229949865,49.40111432437503,-13.806428421736644,137.6160165111741,r_57,r,greedy r,WFD (greedy)
94,61301.200473058605,61.473614938952444,46.28380385568312,-46.57575552649013,186.07566568113987,y_10,y,"DD:XMM_LSS, 20260916, 0, 116",DDF
95,61301.97870125697,348.871284873883,48.30518678889365,16.25935338996004,64.11878912783037,r_57,r,greedy r,WFD (greedy)
96,61302.97953449838,267.670504418674,33.642307188095685,-16.566585828839774,41.52522530337437,r_57,r,"twilight_near_sun, 0",twilight
97,61304.19860703004,16.472634425077977,54.99520583300544,-48.94750369195769,153.1317981268052,z_20,z,"templates iz, 7, 46",templates
98,61304.97981058107,350.30108840009177,67.55207869509924,-44.683686986113464,126.38094631100802,r_57,r,greedy r,WFD (greedy)
105,61312.3029392349,234.49588223916552,58.359239184352155,-53.333583423522086,40.27155361934834,r_57,r,"DD:ELAISS1, 20260928, 2, 1107",DDF
106,61313.200374194035,48.82691623571777,54.683195671956526,1.3171183421121384,129.3249833406602,g_6,g,"DD:XMM_LSS, 20260929, 0, 246",DDF
107,61313.98353394775,4.2615332085739235,72.52727490153383,-25.81271787753112,119.72901218663289,r_57,r,greedy r,WFD (greedy)
108,61315.200750569995,97.1741659686809,54.27323683988539,16.876922402344146,149.438320584989,g_6,g,"DD:ECDFS, 20261001, 0, 1508",DDF
109,61315.9845016491,342.81409371135976,68.80370578926723,49.51091083451064,25.61867943334755,r_57,r,greedy r,WFD (greedy)
110,61316.985017461055,34.409231240565376,58.563917535037376,-4.7103388802394495,124.0961622191204,r_57,r,greedy r,WFD (greedy)
111,61317.98538227033,358.4613362279121,72.76593988102746,-34.19403318036519,122.96844435741583,r_57,r,greedy r,WFD (greedy)
112,61318.98645701074,260.76188724781804,33.57457222541238,-23.25238883856592,45.30105917812151,i_39,i,"twilight_near_sun, 0",twilight
113,61320.20122103731,201.90544372822575,75.02862110350618,-41.42702779189821,337.9815814185141,r_57,r,"DD:ELAISS1, 20261006, 3, 1115",DDF
114,61320.98690696434,328.2944877998206,74.17951903093656,-37.35784975259988,99.23918875537699,r_57,r,greedy r,WFD (greedy)
115,61322.282592272946,331.9752861848256,61.838952142823,-43.23610385687099,109.11275556391793,r_57,r,"DD:XMM_LSS, 20261008, 0, 478",DDF
116,61322.988432938,256.81206143854916,51.13696289940417,31.056953575512505,340.0576743661511,r_57,r,"ToO, neutrino, r, 32, i2, 60",ToO
117,61323.98828639941,344.6953072357335,73.55344076197166,27.934896816638062,48.59013462491584,r_57,r,greedy r,WFD (greedy)
118,61325.29452137532,319.56227672346466,58.24824813362562,47.09590013321809,8.60780542038172,g_6,g,"DD:XMM_LSS, 20261011, 0, 258",DDF
119,61325.98947706291,320.81181290980663,74.83382171135624,16.640912588142577,38.44862307431966,r_57,r,greedy r,WFD (greedy)
120,61327.20062479741,279.7039746581068,70.71000858064437,10.609761415803275,9.025843501272655,u_24,u,"templates uu, 20, 20",templates
121,61328.19965465898,216.822851931094,71.88231614118803,-15.812877043186779,331.7537785698631,r_57,r,"DD:ELAISS1, 20261014, 0, 1123",DDF
122,61329.20109094727,218.82757329426514,71.13096624649205,0.22837030625642807,318.5614846977677,g_6,g,"DD:ELAISS1, 20261015, 0, 899",DDF
123,61329.991480713514,337.541954802645,73.55143220758819,-8.575972892739896,78.73803134237815,r_57,r,greedy r,WFD (greedy)
124,61331.10346496764,66.60593929422267,42.23691676759158,-37.04065282704031,179.67757488418417,y_10,y,"DD:XMM_LSS, 20261016, 0, 126",DDF
126,61332.993779612334,253.57946464651454,41.29615513236732,-20.3697849095068,35.23780422949276,r_57,r,"ToO, neutrino, r, 32, i7, 71",ToO
127,61334.201332835895,187.4626669521896,74.57056242043765,-42.52659412217057,321.6478086379314,y_10,y,"templates yy, 4, 43",templates
128,61334.99494552327,250.7291524626868,33.204541532822454,-47.55571974581477,65.74959637320151,i_39,i,"twilight_near_sun, 0",twilight
129,61336.20129220171,192.70054450964042,67.66264243374373,10.611150452460386,277.1957709645225,i_39,i,"templates iz, 6, 6",templates
130,61336.99564298795,313.2311045989598,70.97610404327256,-38.51805176453888,87.62863735299348,r_57,r,greedy r,WFD (greedy)
131,61338.191327550376,228.96819386647084,74.06949381599878,51.17703806289175,276.78653171058494,y_10,y,"templates yy, 15, 32",templates
132,61339.28878585654,276.7668110105179,77.22475560604403,13.220713432180627,0.4449049112714083,g_6,g,"DD:ECDFS, 20261025, 0, 1532",DDF
133,61340.19254626065,227.98423814573783,66.50153321972422,-0.9606928914925106,333.76743702834244,r_57,r,"DD:ELAISS1, 20261026, 2, 1135",DDF
134,61341.20017638927,356.14388015971247,64.42959775259327,0.5039389850593033,86.0680213695124,y_10,y,"DD:XMM_LSS, 20261027, 0, 130",DDF
135,61342.19293941313,359.1946180926325,64.50628803367522,-4.292002801568292,93.50837702803746,r_57,r,"DD:XMM_LSS, 20261028, 0, 498",DDF
136,61343.266372700644,281.4241101067167,80.73726266298951,-25.295315977718364,41.61019122622697,g_6,g,"DD:ECDFS, 20261029, 0, 1536",DDF
137,61344.00059091177,229.3218704734556,46.935717268819566,-2.1341300567878774,356.4917679963131,r_57,r,"ToO, neutrino, r, 37, i2, 60",ToO
138,61345.00045092375,29.10626565230226,55.45548647707562,34.44046284482472,80.45021931201445,r_57,r,greedy r,WFD (greedy)
139,61346.00107996131,352.4376954496568,70.7000464673733,-48.801595796672196,132.23202032587247,r_57,r,greedy r,WFD (greedy)
141,61348.20018332788,340.3502357015549,63.33582431754695,5.4410590445558125,67.52220143898461,u_24,u,"DD:XMM_LSS, 20261102, 0, 43",DDF
142,61349.00385207847,229.66328055080348,42.92437687128614,52.54445617124712,306.6505059866297,r_57,r,"ToO, neutrino, r, 37, i7, 71",ToO
144,61351.00501753178,252.6708226876374,31.94443088805497,-3.099191298380753,22.731395072449008,z_20,z,"twilight_near_sun, 0",twilight
145,61352.00500244345,352.9741795765322,72.81868649849602,-26.489611105016515,110.32515934329999,r_57,r,greedy r,WFD (greedy)
146,61353.00584852574,39.642592954957536,71.76615839172557,-19.579218543670393,144.52721917345028,r_57,r,greedy r,WFD (greedy)
147,61354.006584681054,315.27851072297267,60.042583025934796,3.171422752335102,49.116672569571485,r_57,r,greedy r,WFD (greedy)
148,61355.200262607665,326.80137588439754,60.539508351406944,-0.7479898984929235,62.32558367800007,g_6,g,"DD:XMM_LSS, 20261110, 0, 286",DDF
149,61356.00784719618,352.55692120932537,72.75832949895826,-56.05572552450501,139.5108880645601,r_57,r,greedy r,WFD (greedy)
151,61358.01031967635,170.52737592682075,34.96876841415647,47.46066537821737,159.85395300995,r_57,r,"ToO, neutrino, r, 39, i2, 78",ToO
152,61359.01101760631,170.64372878488064,35.143530664237815,-43.24655948964982,251.84941315137635,r_57,r,"ToO, neutrino, r, 39, i5, 84",ToO
153,61360.107894999775,36.32310528852358,70.65006940288944,7.027260663520881,114.74018154380046,i_39,i,"templates ri, 14, 53",templates
154,61361.011408762824,40.79804733491376,50.01211442319968,-46.70403803251197,171.05746518818697,r_57,r,greedy r,WFD (greedy)
155,61362.20012761117,348.7488495363418,72.94154634283015,21.836148431204336,58.058927245950365,z_20,z,"templates iz, 10, 51",templates
156,61363.01335706107,248.15246091002504,31.959295472710913,-26.167176915082404,44.13403074827542,r_57,r,"twilight_near_sun, 0",twilight
157,61364.201361966196,183.64974513428862,39.01898717359616,19.208066383912605,270.1799688191945,r_57,r,"ToO, neutrino, r, 39, i7, 89",ToO
158,61365.014490502086,282.2812996678701,72.0109371777913,27.873837572239218,353.57331937500544,r_57,r,greedy r,WFD (greedy)
159,61366.01482423171,329.59347836323013,72.9622957155266,33.559770089382674,29.52870442921398,r_57,r,greedy r,WFD (greedy)
160,61367.016147278126,246.29096697660117,31.89944216958464,-46.98804532576809,64.32084241574591,z_20,z,"twilight_near_sun, 0",twilight
161,61368.01616490637,356.7817462333294,68.59650599807405,50.969074991096726,36.22902602751122,r_57,r,greedy r,WFD (greedy)
162,61369.27050459783,222.75783186424795,59.38120421789856,12.019111969865456,321.54258043016677,g_6,g,"DD:EDFS_a, 20261124, 0, 2202",DDF
163,61370.0175470429,24.829883901851765,62.19802196597993,-54.9314192654306,166.2449045085133,r_57,r,greedy r,WFD (greedy)
164,61371.20043030228,304.7506083686581,50.92842440930419,-5.952117288847937,50.458033138109606,y_10,y,"DD:XMM_LSS, 20261126, 0, 140",DDF
165,61372.01901823444,46.2000087195569,63.62600422823573,-15.227361516665018,144.55882060198292,r_57,r,greedy r,WFD (greedy)
166,61373.20084173902,236.16982270801327,41.54352950324956,-45.4406705683194,50.04683356896794,g_6,g,"DD:ELAISS1, 20261128, 0, 943",DDF
167,61374.02099431869,229.5803466686063,64.85149216421227,37.082370641730584,298.98990602887125,r_57,r,"ToO, neutrino, r, 45, i2, 96",ToO
168,61375.02151659634,246.19496788277362,32.641389004215725,-21.854268910109408,38.65645245261609,i_39,i,"twilight_near_sun, 0",twilight
169,61376.200958434056,235.98887391349655,39.287221339750495,28.84689509646312,337.8178718535326,r_57,r,"DD:ELAISS1, 20261201, 0, 1171",DDF
170,61377.02290535016,231.7711978030286,62.41319862968858,-24.992904636719572,5.559782993205641,u_24,u,"ToO, neutrino, u, 45, i0, 91",ToO
171,61378.200484654546,297.61828758101603,45.70587154374214,-6.75107793879735,46.49401902235128,r_57,r,"DD:XMM_LSS, 20261203, 3, 534",DDF
172,61379.02413761569,232.91107654261046,60.760704676637104,-29.186219392571438,12.432599240327216,r_57,r,"ToO, neutrino, r, 45, i7, 107",ToO
173,61380.02504817297,193.21869228825688,53.70504018736302,52.3540957000361,245.1841424428599,r_57,r,"ToO, neutrino, r, 48, i5, 138",ToO
174,61381.02453129736,15.458456012924454,72.51100799511228,-39.19900668853807,142.83946081735175,r_57,r,greedy r,WFD (greedy)
176,61383.20051739722,293.3286810242839,42.09657390776925,26.410224476368068,10.748094648058665,g_6,g,"DD:XMM_LSS, 20261208, 0, 314",DDF
177,61384.02630192294,331.36663092358344,68.52490947023465,60.080418647525285,4.958651405268166,r_57,r,greedy r,WFD (greedy)
178,61385.20053068747,291.58916463813597,40.42176543290094,35.82217252797821,0.36873349195970495,u_24,u,"DD:XMM_LSS, 20261210, 0, 67",DDF
179,61386.02838851508,197.4788901561272,52.07223860122616,29.873800770815148,277.49872388223366,r_57,r,"ToO, neutrino, r, 48, i7, 143",ToO
180,61387.028675090594,226.8397879147623,30.912225666754924,46.945478558822096,324.8000473612892,z_20,z,"twilight_near_sun, 0",twilight
181,61388.0288089902,274.3617282845057,69.96474994516609,47.65594973442969,327.5660309032576,r_57,r,greedy r,WFD (greedy)
182,61389.028851089286,331.43570038096794,58.03795986621252,2.9414086350685187,62.63283289622212,r_57,r,greedy r,WFD (greedy)
183,61390.20055881774,287.9092258687925,36.34877761140719,35.350440833907236,358.97765437533883,r_57,r,"DD:XMM_LSS, 20261215, 2, 546",DDF
184,61391.03048383622,237.05004472490026,33.10400286536526,32.70867563589774,340.29628381653123,i_39,i,"twilight_near_sun, 0",twilight
185,61392.03030288248,44.701396845619755,64.43763113849526,19.67203031037266,108.45544495700251,r_57,r,greedy r,WFD (greedy)
186,61393.03057492428,27.215754191855087,65.28353520685904,-14.582393525003404,127.9927683136861,r_57,r,greedy r,WFD (greedy)
187,61394.030965714504,8.100100034680999,73.59172519266794,-47.540962785984966,144.66907476557998,r_57,r,greedy r,WFD (greedy)
188,61395.032034731994,243.21692116783584,31.939885455578278,29.69040479780347,346.4695425740748,r_57,r,"twilight_near_sun, 0",twilight
189,61396.03185796859,312.6665102281291,74.32764018041112,-27.464134004909027,75.18412775900018,r_57,r,greedy r,WFD (greedy)
190,61397.03203051559,353.50249439051413,68.08573383468479,53.33201996432055,30.922781006089938,r_57,r,greedy r,WFD (greedy)
191,61398.03232298509,338.9893699476015,60.61216405514133,-30.361206128842724,102.24314413154285,r_57,r,greedy r,WFD (greedy)
192,61399.03287683413,60.33395042703499,30.901209360484724,-45.25182466161178,184.13462994472832,r_57,r,"ToO, neutrino, r, 55, i5, 192",ToO
195,61402.033597464484,57.81812908482538,33.2837091192335,-38.44870270416952,175.64616603045303,r_57,r,"ToO, neutrino, r, 55, i7, 197",ToO
196,61403.03422368215,247.86216294888007,32.089380969523184,12.002226050440063,5.69792466255838,i_39,i,"twilight_near_sun, 0",twilight
197,61404.03381429847,36.331318545457236,53.60228904084318,45.24368145060166,75.41140579752108,r_57,r,greedy r,WFD (greedy)
198,61405.1314168708,295.9124488166144,44.606665852289375,-47.04878763218332,85.71564728619308,y_10,y,"DD:XMM_LSS, 20261230, 0, 150",DDF
199,61406.03405478847,8.58055872206066,56.60717542887868,-22.220835712249354,119.52701252626062,r_57,r,greedy r,WFD (greedy)
201,61408.0344410328,52.49556434459323,37.69131342764899,56.709002914637864,76.7211165994342,u_24,u,"ToO, neutrino, u, 55, i0, 181",ToO
202,61409.03424438961,357.8117064730471,71.134812567714,1.1562772092420164,86.8101510349884,r_57,r,greedy r,WFD (greedy)
203,61410.03433683085,347.85294713683766,73.27430457487227,-41.55369680114536,120.66066736626223,r_57,r,greedy r,WFD (greedy)
204,61411.035066815944,244.56229373974872,32.36099183442226,-58.26916057480391,74.56814564380488,i_39,i,"twilight_near_sun, 0",twilight
205,61412.03436882058,16.467740891727036,61.1115776570075,-31.86324370563214,135.92665081925804,r_57,r,greedy r,WFD (greedy)
206,61413.03433949642,357.99607379819975,67.80772576248296,-43.32271511260881,131.46247768774703,r_57,r,greedy r,WFD (greedy)
207,61414.034339172555,330.9484238865688,54.294375236300255,21.85364457011076,43.248498332641894,r_57,r,greedy r,WFD (greedy)
208,61415.034984436155,236.9456484185691,33.37358060214758,-45.33650831385588,57.98967699911761,r_57,r,"twilight_near_sun, 0",twilight
209,61416.034147922146,335.0347573048303,59.241471897864955,1.3870561962979855,67.12316381694666,r_57,r,greedy r,WFD (greedy)
210,61417.033962167625,5.698417460392104,71.19756727430489,24.318746253222727,70.57938917106289,r_57,r,greedy r,WFD (greedy)
211,61418.03387598879,4.778541848187285,62.19921350474029,10.395902020849064,83.61087111934393,r_57,r,greedy r,WFD (greedy)
212,61419.03448411045,236.0151921106399,31.719182485732613,-35.99048497789256,49.768601609477074,z_20,z,"twilight_near_sun, 0",twilight
213,61420.033517930766,339.2628698338294,65.97673639964253,37.299295011021954,34.6189729830437,r_57,r,greedy r,WFD (greedy)
214,61421.03339167728,33.63144225638643,57.5129044868063,26.221436981826216,92.24166163087563,r_57,r,greedy r,WFD (greedy)
215,61422.29701532066,356.39588566514936,57.68247821310807,16.928461549839266,69.87975257519074,y_10,y,"DD:COSMOS, 20270116, 0, 49963",DDF
216,61423.03355472497,244.2924631913245,32.33120552777042,-44.23543361831859,60.42216593821739,r_57,r,"twilight_near_sun, 0",twilight
217,61424.03269312696,321.89476770653437,74.30369307441413,-44.17980930743779,100.07342772993323,r_57,r,greedy r,WFD (greedy)
218,61425.032310715564,341.873622959893,68.03579906334969,52.14025352772686,21.938935204855174,r_57,r,greedy r,WFD (greedy)
220,61427.0323395378,245.16793224848308,32.877923918682946,-23.85470103906559,39.97593066011287,r_57,r,"twilight_near_sun, 0",twilight
221,61428.03130393812,27.532263857273314,67.34145054842108,-0.7444064239416008,114.50209385328029,r_57,r,greedy r,WFD (greedy)
222,61429.03108983201,47.60831253343077,34.42299188643857,19.69134630269418,110.74477291382155,r_57,r,greedy r,WFD (greedy)
223,61430.03060600024,36.029307425684706,60.32723372966656,55.062978303450315,65.46975652471433,r_57,r,greedy r,WFD (greedy)
224,61431.030832549666,242.16405290713774,32.70617628289628,-25.605347327697213,40.71821701005916,z_20,z,"twilight_near_sun, 0",twilight
226,61433.02940036793,46.4311793006295,34.055305711819145,-56.856786491833944,186.52662822966664,r_57,r,greedy r,WFD (greedy)
227,61434.02873952833,20.56130289260822,67.00466251226587,7.334266868646964,100.38243879515481,r_57,r,greedy r,WFD (greedy)
228,61435.02893213015,251.53719006291226,31.489874843628247,16.1004634757368,3.1896179514706473,i_39,i,"twilight_near_sun, 0",twilight
229,61436.02779244098,20.38737817334157,70.17821568525981,-46.50212986191852,154.23748919673648,r_57,r,greedy r,WFD (greedy)
230,61437.02728792461,345.93970132488465,58.25751720158974,-42.5869543945668,120.33707818759333,r_57,r,greedy r,WFD (greedy)
231,61438.02672885363,337.402455207523,73.02626046820495,-8.680864580633235,78.49773909253386,r_57,r,greedy r,WFD (greedy)
232,61439.02686261339,247.3095898964877,32.656701987888695,55.95801797139972,321.08229475412827,r_57,r,"twilight_near_sun, 0",twilight
233,61440.02557988849,19.169145445568326,68.28373442811284,12.297160300216083,94.26964731516064,r_57,r,greedy r,WFD (greedy)
234,61441.02506054043,20.836488458559568,71.86848148682988,52.81156818981135,55.429963192,r_57,r,greedy r,WFD (greedy)
235,61442.02441402331,354.21774583347536,71.45891253084925,37.51193065486344,47.24082416762952,r_57,r,greedy r,WFD (greedy)
236,61443.02451844404,246.3637520311029,31.47061778513441,-3.912777859015378,21.362111734492448,i_39,i,"twilight_near_sun, 0",twilight
237,61444.023192224726,18.748200852727894,64.42405616510531,34.822429412751916,71.2321616553424,r_57,r,greedy r,WFD (greedy)
238,61445.02281539531,304.2208193167247,74.49154433148603,-57.28571965012303,97.3051824847886,r_57,r,greedy r,WFD (greedy)
239,61446.02192603651,343.66993328039905,72.73671592911718,-45.90531959264012,121.2866938707007,r_57,r,greedy r,WFD (greedy)
240,61447.02193707163,247.03126442454723,33.79516981689958,39.525152302259514,336.6531508114384,r_57,r,"twilight_near_sun, 0",twilight
241,61448.0205486399,3.6870590868388105,71.43319731015372,36.590331872944326,56.51019185103696,r_57,r,greedy r,WFD (greedy)
244,61451.01903346343,263.5832247653123,31.18550075446163,12.73330501495077,11.157418774205315,i_39,i,"twilight_near_sun, 0",twilight
245,61452.017904016204,316.6956965250955,53.92676927709349,44.46645673501007,9.04211670316748,r_57,r,greedy r,WFD (greedy)
246,61453.01716194329,317.86460156728367,48.90378984717245,12.68171589936055,41.738044469524986,r_57,r,greedy r,WFD (greedy)
247,61454.01638572252,322.2700482813105,53.53558033815888,-10.118934397922596,68.07233462903757,r_57,r,greedy r,WFD (greedy)
248,61455.01617582188,251.55032097485102,33.475048504844246,-15.11628087054985,33.26934740994592,z_20,z,"twilight_near_sun, 0",twilight
249,61456.014810877314,334.62284370221596,54.48969762217107,-8.44005008616319,76.54581589126447,r_57,r,greedy r,WFD (greedy)
252,61459.012981096144,264.49504256254806,32.18507850277846,-5.536293094499455,29.441437420148176,r_57,r,"twilight_near_sun, 0",twilight
253,61460.01178902762,36.91210928335841,36.06586409930262,-30.013603631040205,152.39282080070936,r_57,r,greedy r,WFD (greedy)
254,61461.01083815597,351.5688265717386,62.21708963396138,-30.962947020352885,113.52664178776982,r_57,r,greedy r,WFD (greedy)
255,61462.01004153309,338.40238017884025,60.42567745363706,30.080387821649627,41.2134464912029,r_57,r,greedy r,WFD (greedy)
256,61463.009816373415,257.9297023291159,33.02200254437768,37.962004054365316,342.9537304862338,z_20,z,"twilight_near_sun, 0",twilight
257,61464.00840743553,339.56337496140105,67.67131859919779,-46.639142879836044,118.69887499857043,r_57,r,greedy r,WFD (greedy)
258,61465.007597545125,349.7386446229035,72.92096258056267,-51.03903711802282,131.78068431625326,r_57,r,greedy r,WFD (greedy)
259,61466.00682630288,36.25344553935436,55.27676464356902,11.726724538697525,108.85627389149667,r_57,r,greedy r,WFD (greedy)
260,61467.00649387516,259.4588347817754,32.48211264336667,-42.4911122753612,64.2426283440795,z_20,z,"twilight_near_sun, 0",twilight
261,61468.005119834444,10.71148871721526,52.93249053719962,39.424922877527415,59.71924399342922,r_57,r,greedy r,WFD (greedy)
262,61469.1161596988,228.42271586989293,32.942478291714735,18.545636947109553,351.0149036545411,u_24,u,"DD:EDFS_a, 20270304, 0, 2016",DDF
263,61470.115314511866,228.10059906921907,31.86086194320752,36.797018149437946,333.8765101965029,r_57,r,"DD:EDFS_a, 20270305, 0, 2526",DDF
264,61471.00314316884,255.32588226783338,32.92766338849502,50.46935787134603,329.4360157570277,z_20,z,"twilight_near_sun, 0",twilight
265,61472.11286771707,324.7311945951384,61.40812018855779,-39.765871515809586,99.52709845514212,i_39,i,"pair_33, iz, bs 45, a",WFD (pairs)
266,61473.000966337175,316.3809067479242,74.35222487817333,-25.21075071270467,76.13285721773664,r_57,r,greedy r,WFD (greedy)
267,61473.999987039555,332.11781320566354,72.65448133494307,-40.74586047944885,105.9058215423511,r_57,r,greedy r,WFD (greedy)
268,61474.99966491034,261.29444725553196,32.0092319297626,-46.186273005995396,68.8395159454593,i_39,i,"twilight_near_sun, 0",twilight
269,61475.99827161941,28.58124549502123,56.547414296768366,-56.98296033625986,171.2531650028093,r_57,r,greedy r,WFD (greedy)
270,61476.99742879464,7.2607881076066745,50.843590958781235,-52.90728426449225,149.09699918485063,r_57,r,greedy r,WFD (greedy)
271,61477.99680735943,295.68271241813443,73.84162298167661,-38.8169502902517,71.35286271107321,r_57,r,greedy r,WFD (greedy)
272,61478.99619344521,262.5901979190045,33.0958149914387,-53.645779032365525,76.41298151957912,r_57,r,"twilight_near_sun, 0",twilight
273,61479.994867028945,38.94582015487963,63.48848369218956,11.451625350853742,111.72924533941718,r_57,r,greedy r,WFD (greedy)
274,61480.99397320458,35.55440001953049,61.011933122955824,22.191957915899366,97.99287052533025,r_57,r,greedy r,WFD (greedy)
276,61482.99269204688,266.64874759598786,32.903709753737424,-21.891401320062354,46.42652066779597,i_39,i,"twilight_near_sun, 0",twilight
277,61483.99130636949,10.749199382863644,59.95740121956968,1.1420015750377515,97.9851150004028,r_57,r,greedy r,WFD (greedy)
278,61484.99043059395,14.502884545893,62.701249819470405,45.65918395839889,56.716968178580316,r_57,r,greedy r,WFD (greedy)
279,61485.98967240969,30.037865189797593,43.44908529290362,42.48433762971108,73.5593031598806,r_57,r,greedy r,WFD (greedy)
280,61486.98922978773,267.2741071708466,32.244675379096144,-54.83955667828542,79.82947294944519,r_57,r,"twilight_near_sun, 0",twilight
281,61487.98800701816,46.42970697699408,45.407904965298506,-37.927106859304494,166.65056230792848,r_57,r,greedy r,WFD (greedy)
282,61488.98702733449,29.335914373904227,54.85464898338639,-31.110960832762423,146.02720583428814,r_57,r,greedy r,WFD (greedy)
283,61489.98613814599,23.283840937146785,60.884605542105334,-29.464520538615442,139.32629425893134,r_57,r,greedy r,WFD (greedy)
284,61490.98572730933,277.6285002364281,31.171549482146695,8.517285867994245,21.167599869778023,i_39,i,"twilight_near_sun, 0",twilight
285,61491.984429876,24.92565514346607,64.46903209331265,-9.355034610268532,120.72490507162388,r_57,r,greedy r,WFD (greedy)
286,61492.98374987401,44.68195010725314,34.93690358429357,-53.82459717492791,182.1990203785879,r_57,r,greedy r,WFD (greedy)
287,61493.982751392476,25.212225554829807,61.55777290309238,-14.538994879847888,126.05596582874814,r_57,r,greedy r,WFD (greedy)
288,61494.9823865259,274.21871544101833,31.98252821649788,2.7989293376341413,25.22921215681969,i_39,i,"twilight_near_sun, 0",twilight
289,61495.981093697446,3.526701567755152,64.25898121408852,-47.09972523633723,140.0133839834804,r_57,r,greedy r,WFD (greedy)
290,61496.98024232646,3.357600225311789,69.16282424446901,40.89223619870786,51.904558623528544,r_57,r,greedy r,WFD (greedy)
291,61497.97946748376,17.23097358465212,61.27334862564379,-53.13789102446252,157.84798117880564,r_57,r,greedy r,WFD (greedy)
292,61498.97909410475,274.3550244599549,33.35973428205237,50.92118099177529,336.89043216103096,z_20,z,"twilight_near_sun, 0",twilight
293,61499.977964746904,38.94025205530311,35.80222558489341,-47.808174559361234,171.83107436127912,r_57,r,greedy r,WFD (greedy)
294,61500.977156112094,35.58325719035152,36.84154537062142,41.54250384744481,79.73695707768569,r_57,r,greedy r,WFD (greedy)
295,61501.97622691613,17.17742738290768,70.90859369072108,49.26692191732978,55.71138943041466,r_57,r,greedy r,WFD (greedy)
296,61502.97587287342,277.43327470910333,33.452164266103985,57.49240728721397,331.73578517055967,z_20,z,"twilight_near_sun, 0",twilight
297,61503.97462262304,13.393636592671044,65.39765381836615,37.016402442147594,64.46497214858641,r_57,r,greedy r,WFD (greedy)
298,61504.97383664168,20.43715546948351,67.23344145453363,34.3741580094891,73.26618825530609,r_57,r,greedy r,WFD (greedy)
299,61505.97311390926,342.34245893147755,59.475649202329855,17.61938705389052,57.04259266815971,r_57,r,greedy r,WFD (greedy)
301,61507.97158222255,348.24958004438776,70.9839828497508,-42.97827728436088,122.49164776637146,r_57,r,greedy r,WFD (greedy)
302,61508.970826845994,23.286076827106644,66.12596263997767,5.121168371153658,104.93309796165431,r_57,r,greedy r,WFD (greedy)
303,61509.97004737257,10.207544238208548,71.74911423952035,2.7821185493242435,96.10031811576263,r_57,r,greedy r,WFD (greedy)
304,61510.96975855555,285.89237055745156,31.81019082837036,42.87698368204169,350.6170077620506,i_39,i,"twilight_near_sun, 0",twilight
305,61511.96872534829,349.0022847681865,50.32610621453846,-4.045276952275221,84.30331442751596,r_57,r,greedy r,WFD (greedy)
306,61512.96792952124,355.2187320043845,65.1736363779807,-13.057027641959317,98.77623711264158,r_57,r,greedy r,WFD (greedy)
308,61514.96692798033,287.31836268558095,31.498468846289303,-28.055298867701083,62.27139528266115,r_57,r,"twilight_near_sun, 0",twilight
309,61515.96595186566,35.51787167523763,63.161616116343794,-42.58453706794433,162.90355371241134,r_57,r,greedy r,WFD (greedy)
310,61516.96514167393,1.0917291678901204,73.08411198725871,-1.5075226417508798,92.34921067658061,r_57,r,greedy r,WFD (greedy)
311,61517.96449288436,0.4666112634215732,71.17883132428264,-8.950087642265606,99.23562078063449,r_57,r,greedy r,WFD (greedy)
312,61518.96427855231,285.947790411764,32.23607125422889,-32.13652002506625,65.62859740696868,r_57,r,"twilight_near_sun, 0",twilight
313,61519.96325102001,22.924227850348853,63.243370573800135,-15.161391475467177,124.80797215400793,r_57,r,greedy r,WFD (greedy)
314,61520.96257555797,7.701281474702328,71.75676297461159,-14.936040111075354,111.6185083271241,r_57,r,greedy r,WFD (greedy)
315,61521.962033224576,27.437916052138988,59.06593866757158,-20.06969886915262,133.45259622350687,r_57,r,greedy r,WFD (greedy)
316,61522.961757065765,290.9215186874346,31.881668020892153,-14.487857619468405,50.54065518454312,z_20,z,"twilight_near_sun, 0",twilight
317,61523.96075809483,8.918676473791585,73.06804786033265,23.489142111050548,74.313023318262,r_57,r,greedy r,WFD (greedy)
318,61524.960221982525,3.1541114904259135,65.6750526748342,-23.5741803795276,116.20047707150053,r_57,r,greedy r,WFD (greedy)
319,61525.959706586196,5.447944683937805,68.8119284935259,54.74294746365951,39.91128413767618,r_57,r,greedy r,WFD (greedy)
320,61526.95948783541,288.0607501888852,33.28743169341727,49.91543421661441,344.6023352369679,r_57,r,"twilight_near_sun, 0",twilight
321,61527.95853445401,16.637447457427402,70.03017324017588,-1.2558481501181025,105.74864181598001,r_57,r,greedy r,WFD (greedy)
322,61528.958029920395,21.92466118082148,71.41464711659535,-19.50510326682575,128.72611453164777,r_57,r,greedy r,WFD (greedy)
323,61530.08271845731,312.1055147407031,46.11139905075339,-43.305774648393104,93.33170089650959,r_57,r,"DD:COSMOS, 20270504, 8, 51907",DDF
324,61531.08384130192,310.45784408299136,45.099088650572,-48.71846913236476,97.50718820351644,u_24,u,"DD:COSMOS, 20270505, 0, 49427",DDF
326,61533.084626413896,308.12599130981994,43.74088119484672,-37.92577447806654,85.00080747678903,u_24,u,"DD:COSMOS, 20270506, 0, 49435",DDF
328,61534.95556998013,282.8325665098725,33.00591105996036,15.863831547105342,16.0124906091927,r_57,r,"twilight_near_sun, 0",twilight
329,61535.95482607116,9.085038389084882,45.52274161843198,-24.97435930739006,122.96262607354983,r_57,r,greedy r,WFD (greedy)
330,61536.95429585997,22.42691356973638,64.48142498992051,29.012859252015357,80.27814137017478,r_57,r,greedy r,WFD (greedy)
331,61537.9539327377,332.6970044397519,75.10706671943527,-34.84271202447175,100.27431883044919,r_57,r,greedy r,WFD (greedy)
332,61538.95382598026,294.8444811621475,32.17808090394964,23.356707398472654,14.81234438552525,r_57,r,"twilight_near_sun, 0",twilight
333,61539.95313039883,339.26024860172635,68.7498501697398,44.01144173552389,27.773078408112376,r_57,r,greedy r,WFD (greedy)
335,61541.953202035496,125.93685236294668,31.62372040442981,13.78613978064545,153.2146836887024,r_57,r,"ToO, neutrino, r, 99, i2, 169",ToO
337,61543.951863133676,1.2389320607528505,45.83024678930807,27.528122291133343,63.49119868100271,r_57,r,greedy r,WFD (greedy)
339,61545.95119921688,20.078953998203513,70.57069127459111,53.38334319373542,54.19164466259445,r_57,r,greedy r,WFD (greedy)
340,61546.95167202768,125.16788270553461,34.69758532290775,-43.444378485681185,213.07001914004442,r_57,r,"ToO, neutrino, r, 99, i7, 180",ToO
341,61547.95067297319,3.4141043650767835,73.05777094078059,56.21264626027735,36.74361327716419,r_57,r,greedy r,WFD (greedy)
344,61550.95023393162,298.45228909353807,31.268920467303573,33.91204136141452,6.238591729424487,z_20,z,"twilight_near_sun, 0",twilight
345,61551.94983278681,349.58821545545635,47.632030216536414,35.837825043215986,44.907773565587334,r_57,r,greedy r,WFD (greedy)
346,61553.320171815096,136.47327094936162,65.73036063634872,53.10950040091641,158.5064872980886,z_20,z,"templates iz, 30, 69",templates
348,61554.949563664944,293.4465932025199,32.741437743909174,10.768316167991427,26.649087780737933,r_57,r,"twilight_near_sun, 0",twilight
349,61555.94986566794,124.13630758306302,40.53836552221036,-48.516897122892516,223.23560119396828,u_24,u,"ToO, neutrino, u, 99, i0, 164",ToO
351,61557.948871034954,4.024395181308616,61.27731373437031,-38.70036582899191,132.1300610325885,r_57,r,greedy r,WFD (greedy)
352,61558.94903232927,301.6359059190001,32.402044024787955,7.813156393867534,34.29480015462015,r_57,r,"twilight_near_sun, 0",twilight
353,61560.198621434254,359.8393562730301,74.07832146038875,10.430757957892924,79.57864174133773,u_24,u,"templates uu, 25, 25",templates
355,61561.94879953647,54.607486453888896,51.12535436487937,3.17776054372636,131.80434252259232,r_57,r,greedy r,WFD (greedy)
356,61563.08437310117,338.9854745459074,70.41461736312678,32.71337988879471,38.90966574839235,z_20,z,"templates iz, 12, 47",templates
357,61563.94871892544,52.11951628178798,51.827717815869455,36.39866153501535,96.75521947906897,r_57,r,greedy r,WFD (greedy)
358,61564.94844394456,358.7577526567368,72.25193993857982,0.27770248067680187,88.5861800094693,r_57,r,greedy r,WFD (greedy)
359,61565.948662931485,45.801649138261624,53.48660278902036,12.504587528452959,115.84765933532522,r_57,r,greedy r,WFD (greedy)
380,61586.951615372695,295.6491346066936,32.08324495686794,6.346854895497603,32.31918525759107,r_57,r,"twilight_near_sun, 0",twilight
381,61588.20149868908,19.816530061911095,84.25580424654419,56.86366525421816,52.12958200794922,i_39,i,"pair_33, iz, bs 52, a",WFD (pairs)
382,61588.95189959209,37.77545099963288,49.181384713809216,34.22273792709364,87.8939584378251,r_57,r,greedy r,WFD (greedy)
383,61589.952027599546,7.649183175602846,68.17206874014083,-1.3399690297619744,98.06030989733975,r_57,r,greedy r,WFD (greedy)
384,61590.952705318596,286.49489892379387,33.93609356593868,-14.915742422763802,48.633873625293745,r_57,r,"twilight_near_sun, 0",twilight
385,61592.20253933035,7.895819894335656,72.56181441748723,59.967434544296175,37.17934312003719,i_39,i,"pair_33, iz, bs 52, a",WFD (pairs)
387,61594.20367182052,127.27202982535562,26.27600053257531,1.1437793998383545,161.0527706406769,u_24,u,"DD:ELAISS1, 20270705, 0, 20184",DDF
388,61594.95386673955,281.858706162931,33.20683118141025,-45.887932605356916,77.32317037828601,z_20,z,"twilight_near_sun, 0",twilight
389,61595.95377994569,27.73262989808694,56.74205302557373,42.829602230129,70.96076439234298,r_57,r,greedy r,WFD (greedy)
390,61596.95414965523,33.41716908583919,44.714708617080966,17.004527389635477,101.9088257379818,r_57,r,greedy r,WFD (greedy)
391,61597.9546158587,58.84489561865117,28.084529525201397,-45.03652716383178,183.65545866731873,r_57,r,"ToO, GW_case_B_C, r, 128, i2, 1496",ToO
392,61598.95501434037,289.9587593480335,32.72679383892669,10.552094295531381,25.056895769270053,i_39,i,"twilight_near_sun, 0",twilight
394,61600.955529319916,55.44684803135784,30.314522363126297,-58.165042501454934,194.52237042093515,r_57,r,"ToO, GW_case_B_C, r, 128, i5, 1906",ToO
395,61601.955575208085,351.23659796511345,69.19879277976769,-4.3665554124737955,86.75517763014427,r_57,r,greedy r,WFD (greedy)
396,61602.95634226003,283.1398656671762,33.18580984419782,38.9653024163877,353.12685316645593,r_57,r,"twilight_near_sun, 0",twilight
397,61603.95701428123,121.60927940651287,47.708363888195855,-24.525798708392248,204.41561387967602,g_6,g,"ToO, GW_case_D_E, g, 130, i3, 854",ToO
398,61604.95654764333,10.12786143990092,70.7026423756983,-3.6140291978623136,102.60797251321932,r_57,r,greedy r,WFD (greedy)
399,61605.956951066,28.600678828422,68.085543455098,-5.772977391119921,120.75741639151255,r_57,r,greedy r,WFD (greedy)
401,61607.95762301978,336.02960466580043,74.47655558646234,51.41080046335577,17.256522604072455,r_57,r,greedy r,WFD (greedy)
402,61609.08331537536,73.06278368113789,64.25061504693251,34.05631929576369,117.77499337954843,r_57,r,"ToO, GW_case_B_C, r, 136, i0, 3130",ToO
406,61613.08412624331,69.42810352292867,66.05868702419782,-25.576225718919293,174.94994742189334,r_57,r,"ToO, GW_case_B_C, r, 136, i5, 3947",ToO
410,61617.084740241524,330.21790531299155,83.99766613104084,23.373716447271008,38.54149391149221,r_57,r,"pair_33, gr, bs 52, a",WFD (pairs)
415,61621.962665956744,313.62061845745995,68.34986244606891,-30.59338565549309,80.46843198069067,r_57,r,greedy r,WFD (greedy)
420,61627.21361665649,124.10497200495946,51.85979573788243,-50.80896413963319,236.35034249200686,y_10,y,"DD:ELAISS1, 20270807, 0, 20418",DDF
421,61627.96551892816,217.01200398618,33.76300769437388,-55.87938006010187,59.69576292143223,r_57,r,"ToO, BBH, r, 144, i0, 226",ToO
422,61628.96500710566,350.20231161430814,63.7200084142607,-58.42951099099425,140.07418504471974,r_57,r,greedy r,WFD (greedy)
424,61630.966088143825,279.4691035977216,32.771890457155386,12.67600524654495,17.755019146581475,i_39,i,"twilight_near_sun, 0",twilight
426,61632.96631104396,347.3343682769715,70.63115199493132,-30.07563710855252,109.07067267299804,r_57,r,greedy r,WFD (greedy)
427,61633.96669389522,354.3614466691498,69.23009789919986,43.1713491072852,42.02661466232586,r_57,r,greedy r,WFD (greedy)
428,61635.086181103776,18.06006960213093,72.14245089284734,-51.76356980704492,157.8771994600984,r_57,r,greedy r,WFD (greedy)
429,61635.96746383073,30.989091564456352,50.42364913946769,36.75341582596684,79.91145505684074,r_57,r,greedy r,WFD (greedy)
430,61636.96783126564,23.711904866359358,46.967527933614555,51.94610027047556,58.85814628614692,r_57,r,greedy r,WFD (greedy)
431,61637.96819460372,39.185795352589075,70.40640115088135,33.757995726835695,90.71344287204963,r_57,r,greedy r,WFD (greedy)
432,61638.96882743557,284.9381976212525,32.197864834495384,23.80610473605985,9.363949125865586,z_20,z,"twilight_near_sun, 0",twilight
433,61639.969037305134,303.1160174891757,68.19901935127167,40.97209435536702,359.98427197289953,r_57,r,greedy r,WFD (greedy)
434,61640.96932119671,49.57477762654784,53.68910613389377,-54.67372374107534,186.0863967407359,r_57,r,greedy r,WFD (greedy)
435,61641.9695171188,331.39308833601234,64.34260567272342,-34.95286745793095,100.44550396309319,r_57,r,greedy r,WFD (greedy)
436,61642.970350111056,267.636632750239,43.201597790867936,-45.09302183555462,66.8126908272936,r_57,r,"ToO, GW_case_A, r, 154, i0, 323",ToO
438,61644.971051128334,267.1758905936331,40.298959172777394,29.346914377621218,353.167474567551,r_57,r,"ToO, GW_case_A, r, 154, i1, 489",ToO
439,61645.97146961416,258.20163209617544,40.15923741612035,15.477169415905239,2.3516630421353186,g_6,g,"ToO, GW_case_A, g, 154, i2, 544",ToO
440,61646.971676659385,276.86589457113564,32.43378116766854,42.13617257593235,347.17299281858175,z_20,z,"twilight_near_sun, 0",twilight
441,61647.971596871255,351.24153772391645,58.68449373469078,-40.52858017290274,123.1174254305514,r_57,r,greedy r,WFD (greedy)
442,61648.972370048825,82.11757193541199,64.82564786643655,28.33496023303078,131.2379048496326,r_57,r,greedy r,WFD (greedy)
443,61649.97236835436,21.2123846706692,46.82664933932875,-36.23042436008167,144.929747952327,r_57,r,greedy r,WFD (greedy)
444,61650.97378111429,173.05471343723124,59.2016371040468,-27.699812955811975,285.70776717766046,r_57,r,"ToO, BBH, r, 155, i2, 529",ToO
445,61651.9730119826,356.2727936491065,58.07086692812372,26.0370225415754,60.8953457343561,r_57,r,greedy r,WFD (greedy)
446,61652.97451830991,176.64101266300221,57.69631574745586,57.45220991233544,206.60220269586617,r_57,r,"ToO, BBH, r, 155, i3, 548",ToO
447,61653.973644663776,1.6821742826615185,71.69039587987118,14.90449138905284,76.73924317989082,r_57,r,greedy r,WFD (greedy)
448,61654.97456844749,269.1281682874659,32.9067295711906,-53.48176277065107,79.25229668727678,i_39,i,"twilight_near_sun, 0",twilight
449,61656.19562962835,71.42234058423679,36.980599653979326,20.509056863127153,124.65680362894709,y_10,y,"DD:XMM_LSS, 20270906, 0, 11022",DDF
451,61657.97566962703,266.6220560668126,57.56617394830952,46.056290023492565,328.84096664878746,r_57,r,"ToO, GW_case_A, r, 163, i0, 597",ToO
452,61658.975950002045,277.60043879127585,58.892737024809634,25.22722577660622,357.60567297292687,r_57,r,"ToO, GW_case_A, r, 163, i0, 660",ToO
453,61659.97632111146,276.95082644553156,52.26633704062831,-39.160034375989184,63.796759386556076,r_57,r,"ToO, GW_case_A, r, 163, i2, 827",ToO
455,61661.97682699647,308.06946947444135,74.48025445020428,-37.068137649581345,80.84889131977488,r_57,r,greedy r,WFD (greedy)
457,61663.9775309674,47.701315967421145,69.78253618490228,-4.196380696280954,135.95011304907774,r_57,r,greedy r,WFD (greedy)
458,61664.977849188224,39.47331723247646,52.008830461498775,34.610435331189734,88.84048400043937,r_57,r,greedy r,WFD (greedy)
459,61665.978061292735,352.8268600528505,72.52027581360346,17.954751458780216,65.85154318620317,r_57,r,greedy r,WFD (greedy)
460,61666.979128024584,104.8801188212991,66.31842785482588,8.462872924686621,171.7453556169407,r_57,r,"ToO, BBH, r, 169, i0, 823",ToO
461,61667.978890953236,11.484193453099191,71.33699861553319,-41.17745126053553,141.45665370496576,r_57,r,greedy r,WFD (greedy)
462,61668.97978688715,88.92358065108536,64.91057878331848,53.468762259925946,111.86156686171539,r_57,r,"ToO, BBH, r, 169, i1, 853",ToO
465,61671.9806859166,311.90306469674806,73.88448796469274,25.017404905904957,22.338278963647404,r_57,r,greedy r,WFD (greedy)
469,61676.30039813834,340.9845175617191,54.23078089334997,1.579337837261863,71.94884327792464,r_57,r,"ToO, BBH, r, 168, i3, 778",ToO
471,61678.09996231596,79.30810763359256,26.34777078693534,-49.44694913175949,197.7433540824305,u_24,u,"DD:XMM_LSS, 20270928, 0, 10832",DDF
472,61678.98396919852,271.83582542457737,31.998683367934024,-45.61408561117901,72.84128636736423,i_39,i,"twilight_near_sun, 0",twilight
473,61679.98392386109,23.800262133772446,69.99688977477665,-42.747747948795705,153.7406745538241,r_57,r,greedy r,WFD (greedy)
474,61680.98442978992,28.17553620391195,52.86309796182583,-26.03715553155026,140.27223417221245,r_57,r,greedy r,WFD (greedy)
480,61687.19374393788,39.667035712096464,58.600760923989526,-26.849849488712426,150.35837676448412,y_10,y,"DD:XMM_LSS, 20271006, 0, 11040",DDF
484,61690.98985749384,252.64692592055306,32.76843283980821,-55.656897929876244,74.82728651035937,i_39,i,"twilight_near_sun, 0",twilight
485,61691.99002235875,299.3214832761526,72.26588357105915,-8.962477664704123,45.571929404976885,r_57,r,greedy r,WFD (greedy)
486,61692.99120970701,212.4792592804577,55.86853940162529,-3.2361791593020075,328.8694098210633,r_57,r,"ToO, GW_case_A, r, 186, i0, 839",ToO
487,61693.99172313263,214.90291802869567,50.04163241560365,-33.037352627495494,9.383829027319848,r_57,r,"ToO, GW_case_A, r, 186, i1, 1031",ToO
488,61694.994981386335,208.62347387307278,54.471620106797594,8.572952162640787,313.6336754361358,r_57,r,"ToO, GW_case_A, r, 186, i2, 1091",ToO
490,61697.09958312375,337.0294812917822,60.1509243885861,25.08942001011611,45.24370786327995,r_57,r,"ToO, BBH, r, 190, i0, 1102",ToO
491,61697.99316162245,47.00540930430623,52.85485170683789,18.062641760546278,111.22639782436387,r_57,r,"ToO, BBH, r, 190, i1, 1114",ToO
492,61698.99425576642,245.0141047928465,31.309304986846012,18.300473631163616,358.9695399034329,z_20,z,"twilight_near_sun, 0",twilight
493,61699.99468591594,96.17235454702175,54.20319786874538,-22.296286154918466,187.97965468430556,r_57,r,greedy r,WFD (greedy)
494,61700.994688299594,341.68686772255,66.73953324476766,35.6510086540706,38.56127575772234,r_57,r,greedy r,WFD (greedy)
495,61701.995379842185,35.045044351776525,57.10642598480535,6.39920513876439,113.4261908859914,r_57,r,greedy r,WFD (greedy)
496,61702.995965805785,33.767919044394226,58.7025695714968,-7.689636928053813,126.49955765283009,r_57,r,"ToO, BBH, r, 190, i2, 1123",ToO
497,61703.996801313915,297.0676076847236,47.040600297738685,15.504919425287131,24.006635317469403,r_57,r,"ToO, GW_case_B_C, r, 198, i1, 12745",ToO
498,61704.997393722224,299.3336492271231,44.08993724828977,-16.33856415818972,57.558634137550285,r_57,r,"ToO, GW_case_B_C, r, 198, i3, 13125",ToO
499,61705.99796255438,305.6772832153743,52.47408527856354,2.035416343992832,43.29743734351585,r_57,r,"ToO, GW_case_B_C, r, 198, i3, 13060",ToO
501,61708.0964621762,58.25280399680403,48.996525837449376,-8.858677430248282,146.25314846421955,u_24,u,"DD:XMM_LSS, 20271028, 0, 10865",DDF
503,61710.19340103253,115.7694748725361,41.28008416827236,0.21950145960427106,170.03667535456424,r_57,r,"ToO, BBH, r, 200, i1, 1297",ToO
504,61711.00178566557,221.3859004546422,24.65757976482674,2.408631593260732,16.006959619762792,r_57,r,"twilight_near_sun, 0",twilight
505,61712.00153112651,2.5897267051119535,74.32875788938996,37.57172304765043,54.817039944504764,r_57,r,greedy r,WFD (greedy)
506,61713.00222985139,25.606577607863375,59.53642271190893,-21.63550625469268,133.6172306207853,r_57,r,greedy r,WFD (greedy)
508,61715.00424266464,245.15055391443724,32.554827640556205,-0.6511809577271952,17.149479095867353,r_57,r,"twilight_near_sun, 0",twilight
509,61716.00426648548,31.575549562258207,57.99601022841457,-45.58688685924243,162.52318124250647,r_57,r,greedy r,WFD (greedy)
510,61717.00534331019,82.7726559147603,70.64522944462894,-51.68107081282439,214.2302300194857,r_57,r,greedy r,WFD (greedy)
511,61718.005870564295,297.4479799980385,66.33671407537368,41.71989990705413,354.8751850806965,r_57,r,greedy r,WFD (greedy)
512,61719.104061412334,100.32847753147458,44.56331652330675,-53.58671080900217,217.01765322022598,i_39,i,"blob_long, iz, a",WFD (blob)
513,61720.10520164888,200.8713445653913,75.23905608261836,2.631999583786619,292.6012940859447,r_57,r,"DD:ELAISS1, 20271110, 0, 21202",DDF
514,61721.00794914548,294.84752182170234,72.29405884679755,-19.04778689814695,51.625045470909534,r_57,r,greedy r,WFD (greedy)
515,61722.008303358714,346.65258100934597,70.7970776954364,-37.912362868210934,116.22829706712363,r_57,r,greedy r,WFD (greedy)
517,61724.009773495,34.01494421847796,72.24276384815268,29.906788830738893,90.1485805356298,r_57,r,greedy r,WFD (greedy)
518,61725.1910485319,324.7276012153864,59.781571159505226,-48.23182434293808,108.11033542120205,y_10,y,"DD:XMM_LSS, 20271115, 0, 11070",DDF
520,61727.108321613305,23.877205984414005,62.28866283789993,38.21998976545193,72.22386209475086,y_10,y,"DD:XMM_LSS, 20271116, 0, 11072",DDF
521,61728.01247573339,3.940052239267893,65.71776569753482,-14.365601517378751,107.8087612411349,r_57,r,greedy r,WFD (greedy)
522,61729.013185562355,354.59168648874584,72.92703377032105,-40.15433273937859,125.38383711303578,r_57,r,greedy r,WFD (greedy)
523,61730.013929730514,331.18917766726423,58.68771095236372,12.886787386619785,52.54987110777802,r_57,r,greedy r,WFD (greedy)
524,61731.01529481046,243.61133954086094,32.49024840547753,-45.56497744002656,61.53801487752185,r_57,r,"twilight_near_sun, 0",twilight
526,61733.01650115184,93.31345047818773,62.774801326918166,54.64305714073019,113.09955286807785,r_57,r,greedy r,WFD (greedy)
527,61734.01691443157,303.0887205272679,72.43190211933735,60.43177164596156,339.3551851170319,r_57,r,greedy r,WFD (greedy)
528,61735.017435253634,323.838829449403,57.0676825677298,33.348334044607675,26.024875012961676,r_57,r,"ToO, BBH, r, 190, i4, 1141",ToO
529,61736.017969774446,345.78808442649625,72.91417156921993,-21.230915515341795,98.63717337001381,r_57,r,greedy r,WFD (greedy)
530,61737.01924681635,96.18465662554722,66.36209376069978,22.07646847162708,150.09656096067943,r_57,r,greedy r,WFD (greedy)
531,61738.01948737301,320.2598397687986,72.8115661213631,25.864937916382992,28.978515060703696,r_57,r,greedy r,WFD (greedy)
532,61739.02087403682,224.9449171549563,30.5084662570557,-13.424379921805983,25.129287587847795,r_57,r,"twilight_near_sun, 0",twilight
533,61740.02090814869,55.131052150585134,61.487066262439875,17.00934608401918,119.33546000270044,i_39,i,"ToO, GW_case_D_E, i, 221, i1, 9132",ToO
534,61741.021630192176,64.87078368217784,65.97757364949787,-58.762196788996576,204.05145571509144,g_6,g,"ToO, GW_case_D_E, g, 221, i2, 10040",ToO
535,61742.022259638885,63.897449804380585,67.86642550697556,-34.9499430297321,179.9364340193078,g_6,g,"ToO, GW_case_D_E, g, 221, i3, 10370",ToO
536,61743.02290898803,66.69520771786694,49.63956348802755,2.959956700684693,140.4466102569194,g_6,g,"ToO, GW_case_D_E, g, 221, i3, 10422",ToO
537,61744.023238501024,332.27324890794347,72.41199062811543,-39.061450334643,104.53689045096391,r_57,r,greedy r,WFD (greedy)
538,61745.023961765015,44.83959922232958,70.19406758409474,-39.72303724410085,168.84779818643426,r_57,r,greedy r,WFD (greedy)
539,61746.02489311085,272.8738961919251,71.86838967666041,40.86873657335726,332.0763967802976,r_57,r,greedy r,WFD (greedy)
540,61747.025745283434,237.57154702412558,33.30347414019318,58.764404690847336,314.293336097313,z_20,z,"twilight_near_sun, 0",twilight
541,61748.02588561251,294.04899091011265,68.7076750767537,7.381599462439583,25.564475541060517,r_57,r,greedy r,WFD (greedy)
542,61749.02645539021,292.54537133145163,70.95336319393967,41.40439472422674,349.50220070760736,r_57,r,greedy r,WFD (greedy)
543,61750.02699072058,293.5826539640089,68.46540385928078,59.48367852855171,333.12979495488275,r_57,r,greedy r,WFD (greedy)
544,61751.02787804296,246.58696920232111,30.042436031322385,-42.9196900947944,61.50940146116065,z_20,z,"twilight_near_sun, 0",twilight
545,61752.02776651257,328.9077702668087,71.75678820478,-5.042916362783858,67.60426052642812,r_57,r,greedy r,WFD (greedy)
546,61753.028386458886,48.64462117418708,71.07694322401595,-12.603819493939625,145.18487988990165,r_57,r,greedy r,WFD (greedy)
547,61754.02879887656,322.28040528018397,71.27924907066014,-49.33331708132825,106.14318289291927,r_57,r,greedy r,WFD (greedy)
548,61755.02929334755,43.51476324686282,78.54297397101409,31.309652593568128,98.39672422904493,r_57,r,"ToO, GW_case_B_C, r, 230, i0, 19776",ToO
553,61760.03130005843,326.64771673153683,72.72487134765638,50.00840743595698,10.414069690535822,r_57,r,greedy r,WFD (greedy)
554,61761.03180723497,54.58041981098619,70.4866595563646,-54.48376767590785,192.08278393467057,r_57,r,greedy r,WFD (greedy)
555,61762.03215746755,56.22300725415286,69.73070807695493,-31.935439823654,170.77323500667163,r_57,r,greedy r,WFD (greedy)
556,61763.03300133578,236.0525723071732,32.25842096622694,-24.893409181144953,38.27170432074595,z_20,z,"twilight_near_sun, 0",twilight
557,61764.032746971665,53.17515967165243,67.4568369726643,-1.0095705875989462,136.72954357542585,r_57,r,greedy r,WFD (greedy)
558,61765.03307050701,59.33192416877149,70.4874714153525,10.446495850802265,131.2772360479271,r_57,r,greedy r,WFD (greedy)
559,61766.0331730347,321.8131084110392,71.0372937332949,0.16580245615419126,56.235000356772325,r_57,r,greedy r,WFD (greedy)
560,61767.034056541415,236.3893378911502,28.78480170050117,-49.85137068167788,66.35947268440604,i_39,i,"twilight_near_sun, 0",twilight
561,61768.03374278472,56.278715868839654,66.98523918553434,-30.641205854572586,168.88527915164724,r_57,r,greedy r,WFD (greedy)
562,61769.034211700404,92.47226623383743,31.341132076663005,41.08090841099272,113.30080523673236,r_57,r,"ToO, BBH, r, 237, i0, 1356",ToO
563,61770.034443130215,100.89759189456917,56.077120286927446,16.251118905626814,153.82992003000777,r_57,r,"ToO, neutrino, r, 238, i2, 191",ToO
564,61771.034490612066,88.73724033665088,35.353676254851955,17.759774203428822,136.04465075664567,r_57,r,"ToO, BBH, r, 237, i1, 1371",ToO
565,61772.03422002078,323.16108683466246,70.85536400673455,21.36496245118165,36.222899534917005,r_57,r,greedy r,WFD (greedy)
566,61773.131760068005,293.6940787079706,42.28218871373129,15.90360825720275,21.469907887896138,g_6,g,"DD:XMM_LSS, 20280102, 0, 11450",DDF
567,61774.034632164505,69.64173825595437,58.85082984367355,-53.07527041555527,200.3281079520631,r_57,r,greedy r,WFD (greedy)
568,61775.03512416324,233.50416474115414,33.16933759090255,-15.96258419284656,27.513755469468784,i_39,i,"twilight_near_sun, 0",twilight
569,61776.034870064024,90.42522268975283,40.92797354156418,4.600268628032948,151.6912753416075,r_57,r,"ToO, BBH, r, 237, i2, 1383",ToO
570,61777.03463603817,59.848347611019165,65.5445664750282,-19.302537604798353,160.2143098736006,r_57,r,greedy r,WFD (greedy)
571,61778.03480018692,83.49383114147547,42.030347856657976,41.22860335997124,111.48419323037164,r_57,r,"ToO, BBH, r, 237, i3, 1392",ToO
572,61779.034980280936,248.01810824946696,32.290861311816066,-2.031957334495123,19.635260622271424,r_57,r,"twilight_near_sun, 0",twilight
573,61780.034446689475,52.14630569583262,71.12212988448641,32.498736941084,103.09683460129821,r_57,r,greedy r,WFD (greedy)
574,61781.034443012504,298.024795793602,63.62432034838208,42.677519503529005,354.8565396463475,r_57,r,greedy r,WFD (greedy)
576,61783.034656989825,237.98597068106068,32.995151425817916,49.184116973503905,324.1857233859665,z_20,z,"twilight_near_sun, 0",twilight
577,61784.03392228038,47.9401808666614,70.90519330841822,10.808994633312182,121.06553402870667,r_57,r,greedy r,WFD (greedy)
578,61785.03369346569,41.62441088605485,72.4769807853035,42.55435063819127,84.08063673779304,r_57,r,greedy r,WFD (greedy)
579,61786.03432225199,148.41682393964172,42.04013895765268,-19.217367142088477,213.59672620672376,r_57,r,"ToO, BBH, r, 248, i0, 1428",ToO
580,61787.29706186906,356.9331778058204,57.58139552282413,10.289625063401294,76.98028354557506,y_10,y,"DD:COSMOS, 20280116, 0, 67253",DDF
581,61788.03386542575,149.644512338325,42.82141319037908,3.689645515457455,193.4301187360076,r_57,r,"ToO, BBH, r, 248, i1, 1458",ToO
582,61789.03279968578,315.2354332497762,70.43866286667178,-46.66964461871072,97.38341232379973,r_57,r,greedy r,WFD (greedy)
583,61790.032512456935,46.27695469755575,69.73039429553367,-11.791353952290804,141.9940933322184,r_57,r,greedy r,WFD (greedy)
584,61791.03248728755,82.30918200892889,36.495713613800504,50.01678939775935,100.8794400755477,r_57,r,"ToO, BBH, r, 252, i0, 1572",ToO
585,61792.031844557896,320.03474644825945,73.60216784197218,16.615280236664027,37.74012120562789,r_57,r,greedy r,WFD (greedy)
586,61793.032359660596,153.02636708867135,46.2523450272071,-38.75727977734485,246.35546557467973,r_57,r,"ToO, BBH, r, 248, i2, 1488",ToO
587,61794.03111173358,322.4519481389554,72.60573318576036,-18.451637578048825,75.11231078557337,r_57,r,greedy r,WFD (greedy)
588,61795.03156255396,147.32171132988694,51.88275729721268,-37.095611788666275,246.04840705509417,r_57,r,"ToO, BBH, r, 248, i3, 1515",ToO
589,61796.0304722662,58.817866527273985,34.29129941347723,-56.94210081666693,194.67879555754507,r_57,r,greedy r,WFD (greedy)
590,61797.02986653497,35.61488431138048,57.50961693212196,51.670479284447616,68.41355724749465,r_57,r,greedy r,WFD (greedy)
591,61798.02982227829,86.84295548479638,38.473316266358985,-6.281730281029015,159.9645272321555,r_57,r,"ToO, BBH, r, 252, i2, 1626",ToO
592,61799.029632921105,238.38880552079635,32.483084225745486,-23.085389909593754,36.98792738136946,r_57,r,"twilight_near_sun, 0",twilight
593,61800.02880878037,77.34114803603114,45.53988998242413,11.796987050587713,137.98676789469602,r_57,r,"ToO, BBH, r, 252, i3, 1653",ToO
594,61801.02799365323,325.392537449504,71.8401576591499,-58.27050022839429,117.62277047103849,r_57,r,greedy r,WFD (greedy)
595,61802.027414260694,334.15418156880395,73.41276722379725,-25.593762720721884,92.48930845014084,r_57,r,greedy r,WFD (greedy)
596,61803.02749061789,254.46076921172073,31.70934389259108,24.385223604646576,355.85265218479896,i_39,i,"twilight_near_sun, 0",twilight
597,61804.02639043975,327.30128592941145,74.5823046343163,17.06107495709519,43.58480750424431,r_57,r,greedy r,WFD (greedy)
598,61805.02594692728,49.841111577619614,41.56960512011542,57.98757398752513,73.35102469667495,r_57,r,greedy r,WFD (greedy)
599,61806.0253010459,36.63993190380684,40.70408250668259,14.698141949526514,106.86939021867845,r_57,r,greedy r,WFD (greedy)
601,61808.02427025266,62.996758425403776,61.61420326994742,31.509417238028117,111.1151104799386,r_57,r,"ToO, BBH, r, 237, i4, 1410",ToO
602,61809.02363384533,300.1404570765686,74.35100510089187,48.93122793365783,347.46003805364876,r_57,r,greedy r,WFD (greedy)
603,61810.02302169827,297.01147667291235,73.18760464036363,26.928432786098604,7.035848866327285,r_57,r,greedy r,WFD (greedy)
604,61811.022716649095,251.95044935403035,32.202979615399386,55.58487760254089,323.442756755158,z_20,z,"twilight_near_sun, 0",twilight
605,61812.02155167321,43.597324162673935,45.88584738889102,34.08645635958771,92.44140206613412,r_57,r,greedy r,WFD (greedy)
606,61813.020893974666,45.74542292919838,46.55613540570039,44.25020370693686,83.87752477868473,r_57,r,greedy r,WFD (greedy)
607,61814.02018458576,318.86135584606194,74.53306062356882,-45.492161689288885,98.59935874759643,r_57,r,greedy r,WFD (greedy)
608,61815.019966839885,255.75015020532766,32.63003367388786,27.88645607781146,352.3687603477155,z_20,z,"twilight_near_sun, 0",twilight
609,61816.01873259673,324.6805133500506,72.59130958037588,-6.3834761662820085,64.98785995962035,r_57,r,greedy r,WFD (greedy)
610,61817.018000720745,29.166027047586113,48.36095688420298,6.731766759209598,108.21875709556548,r_57,r,greedy r,WFD (greedy)
611,61818.01733074012,318.35109088423224,72.83680488707276,19.202730201085185,33.771322222477224,r_57,r,greedy r,WFD (greedy)
612,61819.01715718571,244.13974522645734,33.040985138678266,56.3521860089769,319.19606236338257,z_20,z,"twilight_near_sun, 0",twilight
613,61820.01585787873,45.35456375626254,49.29129341920772,58.41365512479174,69.36703528252279,r_57,r,greedy r,WFD (greedy)
614,61821.01502755254,21.570832505996435,47.53253922140639,-25.03019069353049,133.67592464644216,r_57,r,greedy r,WFD (greedy)
615,61822.01448524638,296.07732065793584,74.75552583463428,28.439914656763857,4.136611333446865,r_57,r,greedy r,WFD (greedy)
616,61823.014018922186,255.6433476313744,32.731687840880674,29.976809875900276,350.1707062786767,r_57,r,"twilight_near_sun, 0",twilight
617,61824.01285596901,305.37309538478235,70.09845641819017,-18.007397684826614,60.18631361909426,r_57,r,greedy r,WFD (greedy)
618,61825.01280380406,151.19903124259,55.72698690430773,-45.147801450397964,264.28792576209264,r_57,r,"ToO, BBH, r, 248, i4, 1545",ToO
619,61826.01109370184,32.97999371112476,51.12738882529033,-54.702553121139594,172.66135788991105,r_57,r,greedy r,WFD (greedy)
620,61827.01077027418,265.08950749018265,30.887696146966395,33.27152899478194,351.2803055758583,i_39,i,"twilight_near_sun, 0",twilight
621,61828.0094848566,327.4908658261159,74.39430447162127,-0.3467808810666924,61.17270222592483,r_57,r,greedy r,WFD (greedy)
622,61829.00864333448,350.7152242177002,61.615948144743996,58.87369227291818,22.950807303353656,r_57,r,greedy r,WFD (greedy)
623,61830.008043295435,60.085896453062375,64.09493967756423,-3.9369680438365724,144.72880243004732,r_57,r,"ToO, BBH, r, 252, i4, 1680",ToO
624,61831.00753777094,258.8055281649557,31.83016978593048,57.31716659123238,324.4482215073441,i_39,i,"twilight_near_sun, 0",twilight
626,61833.00529988734,333.1034712136176,74.2663764910419,36.20300911925241,29.64315982402692,r_57,r,greedy r,WFD (greedy)
627,61834.004758394396,293.0826432021626,40.21839327068679,-49.729176992711075,86.8161174003962,g_6,g,"ToO, GW_case_D_E, g, 268, i0, 12255",ToO
628,61835.003891559514,295.62646732898827,38.675607596076205,6.758038388165112,31.9443086670854,g_6,g,"ToO, GW_case_D_E, g, 268, i2, 12730",ToO
629,61836.002820631154,324.7647656869406,71.6595802048955,36.940523264607215,21.860191501691567,r_57,r,greedy r,WFD (greedy)
630,61837.001898572475,337.04229197980334,73.21485565073004,51.895547590124345,17.561362856268516,r_57,r,greedy r,WFD (greedy)
631,61838.00115514986,42.96964425947902,62.02320070745927,39.155812885530224,87.23981295531551,r_57,r,greedy r,WFD (greedy)
632,61839.000702568104,265.1986375267995,32.72332353516471,-55.60013941536178,79.58983585992308,i_39,i,"twilight_near_sun, 0",twilight
633,61839.999316070265,23.763913111428636,58.76754833335467,-14.721745253228084,124.9480447107386,r_57,r,greedy r,WFD (greedy)
634,61840.99852449817,37.15113270006507,50.449739890640195,-53.78120238437506,175.13471697518216,r_57,r,greedy r,WFD (greedy)
635,61841.9976576931,37.019240058801174,51.22542422049546,-46.50184802552254,167.73215378268054,r_57,r,greedy r,WFD (greedy)
636,61842.99726793999,262.0199547367403,33.55680982878647,20.98300818380108,1.3702764829013792,r_57,r,"twilight_near_sun, 0",twilight
637,61843.996189366975,71.21110324755462,26.18817152285049,25.69180251202277,119.148102439401,r_57,r,greedy r,WFD (greedy)
638,61844.99587488024,142.8019618714292,41.90023055756102,32.8444239287841,156.23946666529537,r_57,r,"ToO, BBH, r, 276, i0, 1707",ToO
639,61845.99420666931,39.62899945551452,57.849534618113914,44.29566202432762,79.1019673233233,r_57,r,greedy r,WFD (greedy)
640,61846.994095437156,137.16444395214938,42.279832806052305,28.724650005094748,156.37899873846413,r_57,r,"ToO, BBH, r, 276, i1, 1719",ToO
641,61847.992483570655,41.13542383057555,55.97982710481048,36.516276356868005,88.03930687227356,r_57,r,greedy r,WFD (greedy)
642,61848.991591772814,37.782910043808656,50.557488693012814,-53.73723830249985,175.60024504412888,r_57,r,greedy r,WFD (greedy)
643,61849.99073442175,38.854337670977294,57.98511482208989,-31.396950275453015,154.17141633103802,r_57,r,greedy r,WFD (greedy)
644,61850.990292769864,267.45388087573673,33.32311294968269,14.570471536932185,10.176291174767313,z_20,z,"twilight_near_sun, 0",twilight
646,61852.98895351494,142.4056647208685,44.250268114506746,-59.45209159999949,251.8393311401845,r_57,r,"ToO, BBH, r, 276, i2, 1731",ToO
647,61853.988104472206,143.4025390402957,45.47549734553477,1.7662777551224105,193.45056116959057,r_57,r,"ToO, BBH, r, 276, i3, 1743",ToO
648,61854.98687018866,266.30905424704576,32.575562411790386,21.205975094440774,3.2713727503786663,z_20,z,"twilight_near_sun, 0",twilight
649,61855.98638621303,218.69243017812536,34.61276732850078,-56.51437533482383,59.70528681118738,r_57,r,"ToO, GW_case_B_C, r, 285, i0, 24935",ToO
651,61857.98472231181,215.1282672338516,35.148942847098205,47.41555259277623,312.99649709332624,r_57,r,"ToO, GW_case_B_C, r, 285, i3, 25699",ToO
652,61858.98385125153,219.15713831721663,33.46450284930851,20.521064436798124,344.65203990127435,r_57,r,"ToO, GW_case_B_C, r, 285, i5, 26220",ToO
653,61859.98241223904,63.19256699025292,25.535717708752145,-31.313772971554716,172.35952140139707,r_57,r,"ToO, GW_case_B_C, r, 287, i5, 27817",ToO
654,61861.106317186466,349.01150439282776,57.03363985951757,-52.13742304968976,132.5720144284405,u_24,u,"DD:COSMOS, 20280330, 0, 66625",DDF
655,61861.98072285654,301.7652443854536,72.15576287067664,-18.016497799997097,56.493041666540456,r_57,r,greedy r,WFD (greedy)
656,61862.98008809385,277.2697961263012,33.52506940153071,42.35268086716202,346.7860834375953,z_20,z,"twilight_near_sun, 0",twilight
657,61863.97888121148,32.607784105553435,51.750814894869485,-23.665778009287884,141.33834687365135,r_57,r,greedy r,WFD (greedy)
658,61864.978304413926,297.72103256481074,71.20259585602169,10.97083751623515,24.224315291099565,r_57,r,greedy r,WFD (greedy)
659,61865.977397590104,349.3062445774087,29.11707440883639,-12.095292684537624,91.2728095475253,r_57,r,"ToO, BBH, r, 289, i1, 1794",ToO
663,61869.97408935257,344.28407667795136,55.44130304856234,-49.34485517211419,125.63835509405618,r_57,r,greedy r,WFD (greedy)
664,61870.973447270946,350.1802625376633,33.05777537066112,-18.674241845401063,99.06864661535224,r_57,r,"ToO, BBH, r, 289, i2, 1818",ToO
665,61872.097556926696,335.7946996840047,55.08069893915072,-12.55167312370165,81.71137802885033,y_10,y,"DD:COSMOS, 20280410, 0, 67813",DDF
666,61872.97189680355,35.63729845162384,38.158493098866636,37.236489908174626,83.91505204188118,g_6,g,"ToO, GW_case_B_C, g, 294, i1, 28522",ToO
667,61873.97114715045,34.878427322615764,38.51490445692659,60.19963689705591,60.308968355065886,r_57,r,"ToO, GW_case_B_C, r, 294, i1, 28545",ToO
668,61874.97039955899,38.64483548721072,39.96916749349618,-24.08240042445978,147.36049333388738,r_57,r,"ToO, GW_case_B_C, r, 294, i4, 29187",ToO
669,61875.969685056945,37.92438797747236,37.26037157924524,-10.707511049683268,133.76369602356564,r_57,r,"ToO, GW_case_B_C, r, 294, i5, 29473",ToO
670,61876.969102574076,61.61904469040931,32.33458281328859,-43.35923183526224,183.00429232503572,r_57,r,greedy r,WFD (greedy)
671,61877.96893135648,228.76249152401357,57.261017126538476,8.780306062636319,333.35012436729204,g_6,g,"ToO, GW_case_D_E, g, 298, i0, 15554",ToO
672,61878.968178955714,235.34573085082508,43.993371740465435,59.54134410054215,301.96672100279284,g_6,g,"ToO, GW_case_D_E, g, 298, i1, 15738",ToO
673,61879.967515667246,231.60155805639118,42.75959844022291,23.945303000244024,336.3156408733389,g_6,g,"ToO, GW_case_D_E, g, 298, i2, 16862",ToO
674,61880.96682841245,232.2726687541072,42.79362437769898,11.261368524292381,349.41296148606483,g_6,g,"ToO, GW_case_D_E, g, 298, i3, 17490",ToO
676,61882.96566730425,210.03034997352776,47.439742362619576,49.73456025435097,284.01911034032014,g_6,g,"ToO, GW_case_D_E, g, 299, i3, 19678",ToO
677,61883.96503542723,152.6404175227466,55.62868149251791,-0.3150718215206403,221.50300965032167,r_57,r,"ToO, BBH, r, 276, i4, 1752",ToO
680,61886.962497175344,292.62241267330774,31.68433703399868,-51.95239232202222,88.90007187499542,z_20,z,"twilight_near_sun, 0",twilight
681,61887.961814609516,58.03152188272126,33.868896492341555,-35.49560873372187,172.9165508887605,r_57,r,greedy r,WFD (greedy)
682,61888.961011707725,352.56590799111694,54.843557492013815,-57.36586181997167,140.79851428523736,r_57,r,greedy r,WFD (greedy)
683,61889.9604005913,16.86822376798499,59.58304821650013,-4.931158490908994,109.34833920935917,r_57,r,greedy r,WFD (greedy)
684,61890.9602626677,277.7058515838364,33.074582929884755,16.044377453627245,13.348988172214368,r_57,r,"twilight_near_sun, 0",twilight
685,61891.95929158453,29.86111740916001,64.98973774978303,-18.012450200701313,133.66762208964002,r_57,r,greedy r,WFD (greedy)
687,61893.958256932805,326.3988521535299,61.338477648967654,55.50182822422321,5.65135857540199,r_57,r,greedy r,WFD (greedy)
688,61894.95800928675,290.78517971744697,32.34644007846083,30.20032476964188,5.769242958978816,i_39,i,"twilight_near_sun, 0",twilight
692,61898.9563342256,255.57065195764466,45.223179111573906,-32.00903993883459,45.40006868964541,g_6,g,"ToO, GW_case_B_C, g, 302, i2, 30521",ToO
693,61899.95588340111,255.33393714713466,44.53530989072027,-21.179676387637247,34.82264381956672,r_57,r,"ToO, GW_case_B_C, r, 302, i2, 30545",ToO
694,61900.95548648654,249.8733863100098,44.91665956647127,48.855901627229876,321.21402436332465,r_57,r,"ToO, GW_case_B_C, r, 302, i5, 31252",ToO
695,61901.954983603406,259.92548032495966,57.278336348196625,3.260608103256708,6.245791160500157,r_57,r,"ToO, GW_case_B_C, r, 302, i5, 31120",ToO
696,61902.954407331075,78.89215033981289,27.021605229482972,29.26569533631461,119.0595741178756,r_57,r,"ToO, GW_case_B_C, r, 304, i2, 32079",ToO
697,61903.95406769319,86.19348150222476,25.155715908608567,11.04716658072472,139.90282262290665,r_57,r,"ToO, GW_case_B_C, r, 304, i4, 32435",ToO
698,61904.9536099048,76.3587641990216,25.393658592616223,18.611357612512148,128.5909694566339,r_57,r,"ToO, GW_case_B_C, r, 304, i5, 32712",ToO
699,61905.95358551272,239.59787051121268,37.78733596127688,-24.29132859977956,34.002779887076386,g_6,g,"ToO, GW_case_D_E, g, 306, i2, 20990",ToO
701,61907.952776331134,255.0923995249278,42.29510987574227,-21.531342542037862,36.3084908339714,g_6,g,"ToO, GW_case_D_E, g, 306, i3, 21320",ToO
702,61908.951979551755,44.21147162784066,56.51279902912352,-40.78029203600596,167.92782403927566,r_57,r,"ToO, GW_case_B_C, r, 311, i1, 33320",ToO
703,61910.31349772564,197.18127479395696,43.25486011293815,44.74548551412536,277.8050827109406,u_24,u,"ToO, neutrino, u, 305, i0, 222",ToO
704,61910.951338326435,38.85657951768712,55.59668587898927,-25.417922800457802,148.23151786829882,r_57,r,"ToO, GW_case_B_C, r, 311, i3, 33877",ToO
705,61912.076012882375,328.8537373682461,63.73272883637107,7.953991910926655,55.28726075782677,r_57,r,"ToO, GW_case_B_C, r, 311, i4, 34050",ToO
706,61912.95079671155,38.463017745365924,48.69973423446316,35.55025705097269,87.02448895206707,r_57,r,greedy r,WFD (greedy)
707,61913.950533978365,35.99548251667566,47.244522265828024,34.570947423601986,86.11562768370798,r_57,r,greedy r,WFD (greedy)
708,61914.95054293348,293.2119220712014,32.51396546351352,-7.434276067122739,44.71125547189853,i_39,i,"twilight_near_sun, 0",twilight
709,61915.950021534394,28.448618892224,59.09485963060017,-2.1191365388452628,116.40910465625629,r_57,r,greedy r,WFD (greedy)
710,61916.949846759315,9.53780164306106,59.36763690224048,60.06648397606291,38.1071365517469,r_57,r,greedy r,WFD (greedy)
711,61917.94957220674,9.44420067389839,68.77962756953025,22.01632966680697,76.18317332357314,r_57,r,greedy r,WFD (greedy)
712,61919.32495755819,268.13166347195045,69.81407077928645,14.26321926702681,355.6105048282456,r_57,r,DD: RGES_onseason,DDF
713,61919.94929314852,9.058452831224107,66.86246327038957,49.25297887801197,48.57654147819858,r_57,r,greedy r,WFD (greedy)
714,61920.94911156753,17.93713771475379,66.60520719131205,35.50762262200357,70.0291536957779,r_57,r,greedy r,WFD (greedy)
715,61921.94915202299,43.81324530681109,46.048227258925714,-37.29670857264486,164.1568366276662,r_57,r,greedy r,WFD (greedy)
716,61922.949161993725,300.947425407871,32.17980086303835,7.47468569319629,34.196921962636935,i_39,i,"twilight_near_sun, 0",twilight
717,61923.94885626571,329.0955220834936,51.883873837385345,-47.42583096706043,110.93493014024735,r_57,r,greedy r,WFD (greedy)
718,61924.94874977377,6.929712300292063,55.33460930775641,18.99595724649401,76.96428269772244,r_57,r,greedy r,WFD (greedy)
719,61925.94867242949,16.635238899772013,66.37426312040118,55.601083999057145,48.81300517619323,r_57,r,greedy r,WFD (greedy)
720,61926.94961296008,294.6218988464229,33.22159310509326,1.4920456354495373,36.58775917884224,r_57,r,"twilight_near_sun, 0",twilight
722,61928.948604815676,21.200558147178437,45.623157182337216,-55.16408810448057,163.77392149178567,r_57,r,"ToO, BBH, r, 320, i0, 2037",ToO
723,61929.94852928705,29.02112718995984,69.69243231134752,56.30511533832762,59.06920040929747,r_57,r,greedy r,WFD (greedy)
724,61930.94862341905,15.087568427213506,39.48191856669183,-47.17166626599726,150.92055273091063,r_57,r,"ToO, BBH, r, 320, i1, 2055",ToO
726,61932.94848284624,14.523615841082307,73.15115419829922,-29.03602170922679,131.9131213755869,r_57,r,greedy r,WFD (greedy)
727,61933.94975202806,181.83886793929221,31.42055887375498,-52.15168493371178,12.303708205695076,g_6,g,"ToO, GW_case_D_E, g, 322, i0, 23234",ToO
728,61934.94981085083,180.89447830119943,31.17979212232805,-5.397108861579476,310.34061187662155,g_6,g,"ToO, GW_case_D_E, g, 322, i1, 23341",ToO
729,61935.94986844304,181.77742322875974,31.261830017727114,1.9121825847972005,320.953470996931,g_6,g,"ToO, GW_case_D_E, g, 322, i2, 24005",ToO
730,61937.19986790623,167.97645712877656,33.774094821211904,-22.638172249520686,218.7939152116564,g_6,g,"ToO, GW_case_D_E, g, 322, i3, 24681",ToO
731,61937.95002504594,183.0813637504775,32.92573867008499,-53.91507310743541,7.4797904268582,g_6,g,"ToO, GW_case_D_E, g, 322, i3, 24694",ToO
732,61938.94920102042,303.27554549164535,32.47582391481377,-46.56922955713805,89.6958354254806,z_20,z,"twilight_near_sun, 0",twilight
734,61941.09044431344,97.87198824805645,55.64863866074802,-47.13540797953431,215.0200614738067,r_57,r,DD: RGES_onseason,DDF
735,61942.19944491957,41.3081034759362,77.01110324136444,25.28937601495042,102.29325863422139,r_57,r,"ToO, BBH, r, 327, i0, 2118",ToO
736,61942.94976646738,297.9190005299796,32.034710256231534,-35.16103319503033,75.08533872490068,z_20,z,"twilight_near_sun, 0",twilight
737,61943.94967955216,354.80161343303513,54.67729980559156,-23.129345514228586,108.61790360462582,r_57,r,greedy r,WFD (greedy)
739,61945.95002587429,351.8132229809647,55.12201170469772,-9.390293603616445,92.29943187919972,r_57,r,greedy r,WFD (greedy)
740,61947.325768509814,258.299726610651,45.96069380962881,8.817523979559496,6.219128759683381,r_57,r,DD: RGES_onseason,DDF
741,61947.95043344756,4.109317498475368,51.619036010195494,-45.92672797043553,139.5336943449801,r_57,r,greedy r,WFD (greedy)
742,61949.200576538264,5.151320725382555,81.3697611299939,46.703477604034994,48.25672719308268,r_57,r,"ToO, BBH, r, 327, i2, 2186",ToO
743,61949.95084680477,20.196717171966927,54.28439135250697,-59.13808389964433,166.58053304787774,r_57,r,greedy r,WFD (greedy)
764,61970.95712074355,298.9386346195533,32.895483515806816,50.311270654854084,350.32662099333555,i_39,i,"twilight_near_sun, 0",twilight
769,61976.0909806762,179.42251746456168,47.71664033193371,14.266868834690227,254.6189125909136,r_57,r,"ToO, GW_case_A, r, 345, i0, 1521",ToO
770,61977.08506667982,183.18857244287298,49.05027743806731,-31.17135072765472,310.1715654112933,r_57,r,"ToO, GW_case_A, r, 345, i2, 1791",ToO
771,61977.959338010915,14.155913353267177,45.69923891439826,8.9216905592226,93.723355182319,r_57,r,greedy r,WFD (greedy)
772,61979.08551060741,142.6406766117837,81.87628093027985,9.807896411736927,219.65468609444005,r_57,r,"pair_33, gr, bs 52, a",WFD (pairs)
773,61979.96002586988,11.827414463549493,47.62687418566345,42.57625648433492,57.95328448876054,r_57,r,greedy r,WFD (greedy)
774,61980.960379688746,345.269367361264,47.226100951575184,-58.883726155066675,136.01953763527743,r_57,r,greedy r,WFD (greedy)
776,61982.96131204005,294.23438547083555,31.75982155260316,14.336892004735132,23.618154233382903,i_39,i,"twilight_near_sun, 0",twilight
777,61984.08698383903,252.4725078083714,52.46842708456704,-40.60622191118766,47.709086024938635,z_20,z,"pair_33, zy, bs 52, a",WFD (pairs)
778,61984.96166522284,342.56656105866307,73.36331830583245,34.14641138778025,40.4725505588097,r_57,r,greedy r,WFD (greedy)
779,61985.962042609295,348.47178022558023,68.57188389854588,43.80310055496253,36.23551233749397,r_57,r,greedy r,WFD (greedy)
780,61986.962770704864,287.33530827005484,33.974791861434575,-29.491708210851012,63.73362404808994,z_20,z,"twilight_near_sun, 0",twilight
783,61989.96351925702,30.49174606710202,50.547423792446835,13.083468530469167,103.16676776987534,r_57,r,greedy r,WFD (greedy)
784,61990.964500931535,114.98887268191964,29.226082139117366,58.143879195710156,103.5438560694651,r_57,r,"ToO, GW_case_A, r, 354, i0, 1843",ToO
786,61993.201063776796,222.14023710803176,83.0583951882168,37.199356247428405,278.1754675167801,r_57,r,"ToO, GW_case_A, r, 354, i1, 1999",ToO
787,61994.20549834106,239.64755013441803,77.9612103035969,-21.77655341358025,358.58097215739656,z_20,z,"ToO, GW_case_A, z, 354, i2, 2080",ToO
789,61996.09262015859,41.88915458129497,67.74516394417738,12.884647495370569,113.53495950270101,r_57,r,"pair_33, gr, bs 52, a",WFD (pairs)
791,61997.96634068025,325.5207760679364,73.71063434029999,-9.217049027271345,68.68334543792609,r_57,r,greedy r,WFD (greedy)
792,61999.26331828709,69.43774538535392,39.17627748382639,-36.08722109294662,180.24989604727784,u_24,u,"DD:XMM_LSS, 20280814, 0, 11956",DDF
793,61999.96710840851,316.4370524105571,73.11489309009349,-49.78123269484753,101.29424964486961,r_57,r,greedy r,WFD (greedy)
794,62000.9677748502,85.62999008716936,48.822864104893455,-56.273426230979844,212.56438597546656,r_57,r,"ToO, LensedBNS_B, r, 360, i1, 1556",ToO
795,62001.96811205297,84.04125202240913,49.69410126618312,-18.26367930804191,173.7785785938972,g_6,g,"ToO, LensedBNS_B, g, 360, i2, 2497",ToO
796,62002.9684572308,83.4964940833093,50.601893966964695,-57.55329910088142,212.9854760085388,g_6,g,"ToO, LensedBNS_B, g, 360, i4, 3729",ToO
797,62003.96879865055,82.48997333822099,51.54827188050499,-39.97042925902514,195.00698836482644,r_57,r,"ToO, LensedBNS_B, r, 360, i5, 4519",ToO
798,62004.968992548966,298.2145530470555,72.68253747460808,27.434268065971096,8.045284549208374,r_57,r,greedy r,WFD (greedy)
799,62006.31649410032,53.49575904038043,49.504892929002004,25.055763267549157,108.87440648978458,r_57,r,"ToO, GW_case_B_C, r, 362, i3, 36472",ToO
801,62007.96984531643,21.346554164568666,45.368859537723885,-21.330800384082618,130.24393818065434,r_57,r,greedy r,WFD (greedy)
802,62008.970140681806,11.526304098976034,54.62541463475269,47.59320309584127,52.53768059401579,r_57,r,greedy r,WFD (greedy)
803,62009.97049647963,4.565001289357602,53.425909503639446,12.026846602448568,82.09693669990922,r_57,r,greedy r,WFD (greedy)
804,62010.971229279334,279.0413987063592,33.05077578942721,-44.86365903743477,75.09992547404698,z_20,z,"twilight_near_sun, 0",twilight
805,62011.9712029709,345.95119990293693,52.01135001641182,-42.05759554626817,120.0143963743739,r_57,r,greedy r,WFD (greedy)
806,62012.97180775256,294.8677578746808,68.88720865231295,23.510730588029194,10.212799266720909,r_57,r,greedy r,WFD (greedy)
807,62013.971825330096,8.478624936981275,71.53004811616348,-37.73614128552682,135.37995499419083,r_57,r,greedy r,WFD (greedy)
808,62014.972547764024,289.404379206976,30.05598508759104,0.980929089306616,34.51688187259683,i_39,i,"twilight_near_sun, 0",twilight
809,62015.97315299166,103.48097555091972,70.18116232955923,58.89386968420281,122.56651166929377,r_57,r,greedy r,WFD (greedy)
810,62016.973495688864,102.29118095362884,67.73049464502773,-59.61969412802793,238.39664873502488,r_57,r,greedy r,WFD (greedy)
811,62017.973541315245,62.769344919729335,43.62450087406135,-57.74149229613144,198.19440530631283,r_57,r,greedy r,WFD (greedy)
812,62018.97410019451,270.9562643484488,32.09699034522942,59.15586047564061,327.6083174998193,z_20,z,"twilight_near_sun, 0",twilight
813,62019.97418634994,54.37580239792931,46.33545216904806,10.516368004438627,124.23771581827388,r_57,r,greedy r,WFD (greedy)
814,62020.974701322644,74.52728625657039,27.222886675943272,-44.65200497574238,191.13631005244815,g_6,g,"ToO, GW_case_D_E, g, 369, i0, 28790",ToO
815,62021.9750648158,75.03314469142653,26.458792189070774,47.78715339487395,98.89862546470259,i_39,i,"ToO, GW_case_D_E, i, 369, i1, 28913",ToO
817,62024.230473971984,291.1168645421064,44.311555834223405,4.699172052592427,31.0512095836485,g_6,g,"ToO, GW_case_D_E, g, 369, i3, 29616",ToO
818,62024.97626950977,89.60008491082205,29.258713314204552,14.615901741716046,138.3356035443162,g_6,g,"ToO, GW_case_D_E, g, 369, i3, 29588",ToO
820,62027.30998997371,92.09546915746412,27.797810680752367,-54.10003721007346,207.40742369754804,r_57,r,"ToO, neutrino, r, 368, i7, 275",ToO
822,62029.08859849354,257.19948014366054,59.43345372658756,-24.525876037532306,30.90800670744453,g_6,g,"ToO, GW_case_D_E, g, 374, i0, 29933",ToO
823,62029.97782953456,50.33963963003207,79.04685276378073,21.00607763780177,115.39685730345076,g_6,g,"ToO, GW_case_D_E, g, 374, i1, 30108",ToO
824,62030.97870280446,247.35556730340394,74.79728601613625,40.03878959880514,306.8296588543758,g_6,g,"ToO, GW_case_D_E, g, 374, i2, 30992",ToO
826,62033.2985777337,67.3822247800062,27.314748876846384,11.453284650965916,131.42866137004742,r_57,r,"ToO, GW_case_B_C, r, 376, i0, 40266",ToO
827,62034.20168633719,59.054471852157555,48.61352643748115,-38.178987984108154,176.11986799290332,u_24,u,"DD:XMM_LSS, 20280917, 0, 11998",DDF
828,62034.979673632624,342.5770487205582,49.33085548534049,45.53878512983304,29.44539705037919,g_6,g,"ToO, GW_case_D_E, g, 379, i0, 32115",ToO
829,62035.98013380185,318.60050712531336,44.975209594729414,-29.07162946172161,84.17653131159017,g_6,g,"ToO, GW_case_D_E, g, 379, i1, 32745",ToO
830,62036.980534461465,320.01433337750734,40.59940779125359,13.760326147409296,42.077065502677485,g_6,g,"ToO, GW_case_D_E, g, 379, i2, 33205",ToO
831,62037.980949842226,318.66847672400496,40.20466989470239,6.88315643306826,47.894977531070786,g_6,g,"ToO, GW_case_D_E, g, 379, i3, 33981",ToO
832,62038.98127057969,352.79093819341034,55.6652366527603,-11.640830976360736,95.56134639418939,i_39,i,"ToO, GW_case_D_E, i, 379, i3, 33592",ToO
833,62039.981690442735,18.825688424920546,55.323629064753234,22.055643338651265,84.29579117781522,r_57,r,greedy r,WFD (greedy)
834,62040.98219278081,340.6013891138424,42.012374213011995,27.66569988404113,45.172309139677324,r_57,r,greedy r,WFD (greedy)
835,62041.983293554484,232.67806142405865,73.15499104896648,7.716257320328686,325.14598781195224,r_57,r,greedy r,WFD (greedy)
836,62042.98362135961,246.62393144166518,32.39805476387581,30.953121011256272,346.132878500812,z_20,z,"twilight_near_sun, 0",twilight
837,62043.98342042333,15.113598453377449,72.87249026739214,59.46523470976831,44.085836738808936,r_57,r,greedy r,WFD (greedy)
838,62045.29061561052,151.16280156423616,67.54433407730917,-54.22574442154197,284.59664490264515,r_57,r,"DD:EDFS_a, 20280929, 13, 162316",DDF
839,62046.29060542765,234.22038283865433,58.78320071765963,36.40000443222679,309.872137059005,r_57,r,"DD:ELAISS1, 20281001, 0, 22309",DDF
840,62046.985331687276,256.3281425681058,33.173540814271384,-58.501216869615504,78.90809604276141,r_57,r,"twilight_near_sun, 0",twilight
841,62047.985224024436,31.05810642427716,67.97890772721112,36.4745976256459,80.65021548283399,r_57,r,greedy r,WFD (greedy)
843,62050.29175290694,95.99181420452268,26.15827106744063,-11.182017350981159,165.3875439586279,r_57,r,"ToO, BBH, r, 364, i4, 2377",ToO
845,62052.15556350625,37.39124862086719,36.57038763376201,46.98179699456485,75.74773072499183,r_57,r,"ToO, GW_case_B_C, r, 387, i4, 42912",ToO
846,62052.987529099824,354.690706943703,70.00892930678842,-11.182337850862671,96.66399630496798,r_57,r,greedy r,WFD (greedy)
847,62053.98803229063,350.9015641209331,69.1408202100578,23.2671949303654,58.911138414031804,r_57,r,greedy r,WFD (greedy)
848,62055.100506734394,130.5749182904188,29.427848027948137,14.778571962676521,151.0702308749791,z_20,z,"DD:EDFS_b, 20281009, 131, 164107",DDF
849,62055.98912566309,1.236988032942434,71.81495891975459,56.82668954894505,34.40009234165458,r_57,r,greedy r,WFD (greedy)
851,62057.99010593019,16.664731729880327,69.94815620026642,-34.818473640624845,139.55155504673053,r_57,r,greedy r,WFD (greedy)
852,62058.99130553561,252.49823373036412,33.10000133060123,43.10228765835887,335.84542432024097,z_20,z,"twilight_near_sun, 0",twilight
853,62059.99122267351,11.238271630964897,70.19074387387224,50.76811891895134,49.21798828863302,r_57,r,greedy r,WFD (greedy)
854,62060.99172360744,8.620363074303507,66.94038454531228,-33.40217559326956,131.02058790020698,r_57,r,greedy r,WFD (greedy)
855,62061.99227283549,15.363551020644964,67.64393363073576,-2.510547087563211,106.00214864999519,r_57,r,greedy r,WFD (greedy)
856,62062.993493046124,254.19010873224377,32.378331970116975,28.064573078273426,351.9171934230938,r_57,r,"twilight_near_sun, 0",twilight
857,62063.993437187266,10.886330290879483,72.84258934766788,46.84912421535076,52.91511007445057,r_57,r,greedy r,WFD (greedy)
858,62064.99403078069,333.2817512284967,59.76093307940846,-13.625005112468065,80.87919506748086,r_57,r,greedy r,WFD (greedy)
859,62065.99499551381,77.32326841444606,40.85561023974308,1.9816801839458338,147.0702112376663,r_57,r,"ToO, BBH, r, 396, i0, 2645",ToO
860,62066.99598371671,230.82443167556897,30.532840968015662,28.97193421805587,344.41524122416473,z_20,z,"twilight_near_sun, 0",twilight
861,62067.996193957115,79.33315951469706,40.5654136217129,27.652542094550448,122.496086634025,r_57,r,"ToO, BBH, r, 396, i1, 2657",ToO
862,62068.99640326953,13.69502901411478,56.727824333677376,34.67881593519875,67.21659997593352,r_57,r,greedy r,WFD (greedy)
863,62069.9970677139,36.40878335352215,54.11365752291004,8.840081951787909,112.0551299105063,r_57,r,greedy r,WFD (greedy)
864,62070.99825141185,250.28556414086242,34.07461530914211,-47.395067841145945,64.92969854064435,z_20,z,"twilight_near_sun, 0",twilight
865,62071.99882359509,256.69447412649356,73.10829930366272,48.715084011383254,308.4560508775561,r_57,r,greedy r,WFD (greedy)
866,62072.9988669599,332.8798050323137,60.39409765064175,44.76883837578424,22.116927161893067,r_57,r,greedy r,WFD (greedy)
867,62073.99944429344,355.282826854456,67.45549490528371,36.970976632831565,49.01051194921475,r_57,r,greedy r,WFD (greedy)
868,62075.00077130393,249.806119796279,32.351934060748036,-47.95784803982009,66.3123722186622,i_39,i,"twilight_near_sun, 0",twilight
869,62076.00165602103,140.6325100057903,76.49396654383608,-36.36392045322432,260.57365366031553,r_57,r,"ToO, GW_case_B_C, r, 401, i0, 43442",ToO
870,62077.00217642318,124.07068129732653,73.41930220805031,28.438289726878306,175.70218613331124,r_57,r,"ToO, GW_case_B_C, r, 401, i2, 43994",ToO
871,62078.00295394342,139.55086121366722,80.02968628780258,-58.433901093342165,283.49252051803165,r_57,r,"ToO, GW_case_B_C, r, 401, i4, 44527",ToO
872,62079.00354819476,131.1799073877241,78.33013598182434,56.4038795634177,158.64408146394322,r_57,r,"ToO, GW_case_B_C, r, 401, i5, 44797",ToO
873,62080.003330290034,13.145733250709291,70.97886107672595,-13.492587405614664,115.1249592305629,r_57,r,greedy r,WFD (greedy)
874,62081.00407273417,334.2259118960018,71.54853805174261,27.717744509675178,39.65786628595325,r_57,r,greedy r,WFD (greedy)
876,62083.00609013501,246.67450883220144,31.796320570765484,-12.580696071800473,30.137211127029317,i_39,i,"twilight_near_sun, 0",twilight
877,62084.0061515059,327.78950478197373,51.65829665883703,-21.024673566793005,83.65979821991945,r_57,r,greedy r,WFD (greedy)
878,62085.0068318334,32.67195502832369,52.48759070407877,13.477010255531372,104.34890689764393,r_57,r,greedy r,WFD (greedy)
879,62086.00752291535,32.95167486526048,57.869360245436255,10.202268421217587,107.85404617101082,r_57,r,greedy r,WFD (greedy)
880,62087.00887302951,242.48361224088677,31.203525204724162,-10.848050849313909,27.362708058815247,r_57,r,"twilight_near_sun, 0",twilight
881,62088.19017794134,235.58313708806753,55.382304834975784,37.016396516652186,313.73780913218377,r_57,r,"DD:ELAISS1, 20281112, 3, 22381",DDF
882,62089.24928532194,298.89382849289444,46.974110655464244,-34.72297862805146,75.25456895051718,u_24,u,"DD:XMM_LSS, 20281113, 0, 12052",DDF
883,62090.010199496886,11.989249201612695,69.96467188355189,-2.7389720515163742,103.2837618233827,r_57,r,greedy r,WFD (greedy)
884,62091.01167049653,241.52156689189815,33.23234393818902,-36.33087082432523,50.988368775944885,z_20,z,"twilight_near_sun, 0",twilight
885,62092.01165942553,335.22408071301123,59.81055717834723,-13.869919117507004,82.68937280915894,r_57,r,greedy r,WFD (greedy)
886,62093.012311738195,348.92913348383627,67.947574557458,-11.524129415137306,91.90608153870137,r_57,r,greedy r,WFD (greedy)
887,62094.27792203083,207.48136195999035,69.78852481459101,-44.27920078998361,350.23117520859864,r_57,r,"ToO, neutrino, r, 410, i2, 283",ToO
888,62095.11177619434,129.6448156285495,51.41740023390697,-40.73955817323422,230.45795415515266,r_57,r,"ToO, neutrino, r, 410, i5, 289",ToO
891,62098.01585814043,9.191672994068036,69.16355704732004,55.61041878543236,42.43548357319466,r_57,r,greedy r,WFD (greedy)
892,62099.01718720876,247.96633963569445,32.67669625136919,-30.67459502963529,48.13846901514464,i_39,i,"twilight_near_sun, 0",twilight
893,62100.018008022955,129.96850559634737,32.010499246139354,-48.38325509255899,216.7833412293134,r_57,r,"ToO, neutrino, r, 410, i7, 294",ToO
894,62101.018469198556,258.59082928768316,71.0768774901939,30.77350236356216,329.4135898905338,r_57,r,greedy r,WFD (greedy)
895,62102.018766058594,307.56006817347725,55.69270558438043,46.29957664767426,0.16085098524860908,r_57,r,greedy r,WFD (greedy)
896,62103.01998738606,235.1871448618902,32.241090522875645,-26.571397083952526,39.73024290891369,i_39,i,"twilight_near_sun, 0",twilight
897,62104.01984552487,8.369274573030927,71.79658621995787,-34.54329495261535,131.91532365880087,r_57,r,greedy r,WFD (greedy)
898,62105.02050537864,358.86649232419103,70.23057730951739,-36.51890658642993,125.50887077558899,r_57,r,"ToO, BBH, r, 396, i4, 2690",ToO
899,62106.021146158884,5.099437288561222,66.60013498428465,3.606596504589255,90.8050112023654,r_57,r,greedy r,WFD (greedy)
901,62108.022457105384,27.7377390732554,59.09575483587599,-28.35360634967545,142.01746200884125,r_57,r,greedy r,WFD (greedy)
902,62109.02309104117,8.966841121589336,71.79888171126252,-53.46821085111458,151.34984290395835,r_57,r,greedy r,WFD (greedy)
903,62110.02360174777,352.12572510724164,73.12635527074497,-0.770287568803522,83.75280730382323,r_57,r,greedy r,WFD (greedy)
904,62111.025037671185,235.19095369608658,33.59973440745002,55.18101107024118,316.70259410384006,i_39,i,"twilight_near_sun, 0",twilight
905,62112.02550774542,250.3585093094107,50.26600845957683,18.4408983375505,348.5873796697423,g_6,g,"ToO, GW_case_D_E, g, 421, i0, 39697",ToO
906,62113.02611781898,245.67194992240368,36.732814715851404,-0.4444199695122659,14.231604742765825,g_6,g,"ToO, GW_case_D_E, g, 421, i1, 39926",ToO
909,62116.027761268226,245.82747422604513,37.35733067662361,-24.53210405598756,37.94159316106812,g_6,g,"ToO, GW_case_D_E, g, 421, i3, 41211",ToO
910,62117.0276673879,35.344790558905935,52.29113098055421,32.096798279419666,87.79817577116611,r_57,r,greedy r,WFD (greedy)
911,62118.0280963777,11.751774444588364,71.74116927500023,46.269827474976935,54.036020037393286,r_57,r,greedy r,WFD (greedy)
912,62119.0293523146,235.78409179026994,32.939791119153675,48.25954714735812,324.43738473165104,i_39,i,"twilight_near_sun, 0",twilight
913,62120.02910080995,349.4016910375443,73.61451103012101,59.47363403478062,21.03966483610173,r_57,r,greedy r,WFD (greedy)
914,62121.02955553685,18.27250262006031,61.5030192656518,58.489939137311886,47.1574829349106,r_57,r,greedy r,WFD (greedy)
915,62122.127356294965,312.01221224640045,54.89627828593947,41.427965017868296,8.393874539242296,r_57,r,"DD:XMM_LSS, 20281216, 3, 12997",DDF
916,62123.14162055403,304.7157778717221,50.86813841515828,15.491533160608657,28.983769182780318,u_24,u,"DD:XMM_LSS, 20281217, 0, 12094",DDF
917,62124.197980661615,265.0826100841249,59.1022760501344,12.75525611477028,359.8756232033631,r_57,r,"DD:ECDFS, 20281218, 3, 31769",DDF
918,62125.19827216387,276.84725974630294,46.50176729002343,-23.43247800659402,49.48476301615129,g_6,g,"ToO, GW_case_B_C, g, 428, i2, 48994",ToO
919,62126.129024174654,298.70217839388545,66.30028207916753,6.769954066027737,30.65828627178717,r_57,r,"ToO, GW_case_B_C, r, 428, i2, 49015",ToO
920,62127.0322145947,71.28329257428148,63.73664219304838,-48.47839204827373,198.37999611988295,r_57,r,"ToO, GW_case_B_C, r, 428, i3, 49106",ToO
921,62128.032338300676,46.10635682414044,69.41635307130717,41.825319297217426,88.20707052896459,r_57,r,"ToO, GW_case_B_C, r, 428, i5, 49640",ToO
922,62129.03248775566,26.6907364904648,60.249348708255745,14.525104508592516,98.22455955094834,r_57,r,greedy r,WFD (greedy)
923,62130.03276285235,26.33358645243784,70.10491570964753,5.846007782515741,107.11671558272175,r_57,r,greedy r,WFD (greedy)
924,62131.03377435247,236.94211758690858,32.42365675787819,-40.10568394177018,53.648550012986625,r_57,r,"twilight_near_sun, 0",twilight
926,62133.03359273501,319.5581947162423,64.64974635119259,-40.02858055213085,95.28618794780864,r_57,r,greedy r,WFD (greedy)
927,62134.03364770197,353.5569957142045,63.86332087271443,43.05350370820297,41.2721117979801,r_57,r,greedy r,WFD (greedy)
929,62136.03421171762,304.48092937900867,37.72749252480317,28.532398884035477,15.878596823754757,r_57,r,"ToO, GW_case_B_C, r, 435, i0, 51468",ToO
930,62137.0343107902,307.6652935234031,38.97989385972133,-24.140119769160727,70.74655936505644,r_57,r,"ToO, GW_case_B_C, r, 435, i2, 51908",ToO
931,62138.034356848635,314.74949140376833,36.20799889654929,-15.094038802372998,66.36655629900561,r_57,r,"ToO, GW_case_B_C, r, 435, i4, 52297",ToO
932,62139.03506484261,232.76858827665578,34.059258835239646,-11.374913199180295,21.75763896816187,r_57,r,"twilight_near_sun, 0",twilight
933,62140.03435357645,3.7547471553339844,57.34151700783904,31.80435168400875,61.32167469297427,r_57,r,greedy r,WFD (greedy)
934,62141.034362636405,26.057062851752438,67.992889674402,33.3730325227471,79.16536677686256,r_57,r,greedy r,WFD (greedy)
935,62142.03439575272,337.677566892349,57.28260715612583,-34.543079889149126,105.29366626985797,r_57,r,greedy r,WFD (greedy)
936,62143.035088804856,240.29128100595645,32.44601931688986,53.03155343726965,321.6562267079839,r_57,r,"twilight_near_sun, 0",twilight
937,62144.034830480094,269.1183142507273,42.263329882583754,-45.38469465621603,68.23834312848328,r_57,r,"ToO, BBH, r, 439, i0, 2909",ToO
938,62145.034267724724,343.8582958974873,64.60324899826841,48.3454247656623,27.576019380438154,r_57,r,greedy r,WFD (greedy)
939,62146.03474374203,261.95808518087046,41.96807694983482,-47.84923187096718,66.8140940681884,r_57,r,"ToO, BBH, r, 439, i1, 2924",ToO
940,62147.03477290608,244.52490190953023,32.818747683807885,-28.208017500678743,44.16143631842602,z_20,z,"twilight_near_sun, 0",twilight
941,62148.03393361693,18.815716403153797,70.74789399204838,42.45990351680818,63.93975560057611,r_57,r,greedy r,WFD (greedy)
942,62149.03377357262,352.54434441987814,72.07523143716749,-37.327236767205186,120.60522969202304,r_57,r,greedy r,WFD (greedy)
943,62150.03356394803,358.21242026981935,71.95143306785958,-9.229107740536273,97.51438521348926,r_57,r,greedy r,WFD (greedy)
944,62151.03397035804,265.25732639122424,42.39794952007046,-5.914787242813835,26.52299754513595,r_57,r,"ToO, BBH, r, 439, i2, 2939",ToO
945,62152.03336136213,316.4947114778336,48.95539994912394,-30.16658154529419,83.5720081957349,r_57,r,greedy r,WFD (greedy)
946,62153.03365847544,113.57421709762212,40.08736991697026,25.0671664744977,143.12444854938082,r_57,r,"ToO, GW_case_B_C, r, 442, i0, 55017",ToO
947,62154.03336795835,109.50807796786059,47.56820902916515,41.98288052598474,128.9667960307878,r_57,r,"ToO, GW_case_B_C, r, 442, i3, 55476",ToO
948,62155.03313589503,115.8049235887596,43.26876928781986,44.78429811715322,127.04488840085925,r_57,r,"ToO, GW_case_B_C, r, 442, i4, 55638",ToO
949,62156.032820650034,114.0447439351224,42.33257371194457,-19.440255751345465,189.52181225543595,r_57,r,"ToO, GW_case_B_C, r, 442, i5, 55796",ToO
951,62158.03254838675,164.97909886323754,53.54167926082938,-30.205262036391495,268.7722165708402,i_39,i,"ToO, GW_case_D_E, i, 443, i3, 44525",ToO
952,62159.03179074237,246.5712942924693,31.52835012154682,-30.59811319107406,48.12015455338087,i_39,i,"twilight_near_sun, 0",twilight
953,62160.030708813545,4.969726716386443,71.45184753199801,-39.63091189633531,133.8639248346749,r_57,r,greedy r,WFD (greedy)
954,62161.03034690508,343.2343257694224,67.34748375479053,53.63748232066606,21.63277417115237,r_57,r,greedy r,WFD (greedy)
955,62162.02990509502,343.4220216897864,62.96101295157795,47.27752721407948,28.276376511874037,r_57,r,greedy r,WFD (greedy)
956,62163.03021582785,237.3692345707836,32.2750346155879,33.29132539675759,340.4266853389693,i_39,i,"twilight_near_sun, 0",twilight
957,62164.02902420355,344.11054569208716,57.973457843375,2.7226126208807675,73.45549792857774,r_57,r,greedy r,WFD (greedy)
958,62165.028551880154,342.0697415298609,57.34230192368268,-0.540780614544839,74.97505869686849,r_57,r,greedy r,WFD (greedy)
959,62166.02797225697,359.25816319570725,72.12562116432036,4.685467284535733,84.5033935242027,r_57,r,greedy r,WFD (greedy)
960,62167.02821530718,245.44453503168407,32.788840325915395,4.396255471452521,11.862324701699308,r_57,r,"twilight_near_sun, 0",twilight
961,62168.02695709996,18.426340748751276,68.10900887801009,-7.042957313732695,112.945336374716,r_57,r,greedy r,WFD (greedy)
962,62169.02644845446,337.1988063575428,63.49147908592237,-43.484431677111374,113.68863723560386,r_57,r,greedy r,WFD (greedy)
963,62170.12370561511,258.6228552567594,43.491136829972625,9.484780041507909,6.703323500092747,r_57,r,"DD:ECDFS, 20290202, 2, 31849",DDF
964,62171.22037408888,255.6214446916632,62.90656723716052,53.904000224379786,308.5492000694923,g_6,g,"ToO, GW_case_D_E, g, 455, i0, 46733",ToO
965,62172.30317885106,247.77330782245855,42.82797568701483,-2.454311105423249,12.721366541952527,i_39,i,"ToO, GW_case_D_E, i, 455, i0, 46874",ToO
966,62173.02520237417,164.87338394930342,81.42976101446537,54.42085414741173,198.63847033070763,r_57,r,"ToO, GW_case_A, r, 457, i0, 2116",ToO
967,62174.02459201265,165.88603983096348,81.08008420291542,-40.310994026477225,294.4097142164289,r_57,r,"ToO, GW_case_A, r, 457, i2, 2316",ToO
968,62175.023988932,169.66420417235378,81.22059784185642,6.670139230617142,251.6436532626513,u_24,u,"ToO, GW_case_A, u, 457, i2, 2298",ToO
969,62176.022974491214,121.61982751264098,48.08870168868423,-35.18625992712242,215.05031243037527,r_57,r,"ToO, GW_case_B_C, r, 460, i4, 59625",ToO
970,62177.02231514519,121.42234022870817,47.74008332639805,-29.72668203041449,209.12744819988671,r_57,r,"ToO, GW_case_B_C, r, 460, i5, 59893",ToO
971,62178.020939068396,345.2147936328319,63.074381379204674,-55.72356332145562,132.79964733723645,r_57,r,"ToO, neutrino, r, 461, i2, 283",ToO
972,62179.02088132767,249.4967790172076,33.13503144578131,-45.73853951493201,63.291163152962774,i_39,i,"twilight_near_sun, 0",twilight
973,62180.0206801538,175.07309371373907,82.32157891848027,50.319511804540696,214.08276910969647,r_57,r,"ToO, BBH, r, 459, i2, 3173",ToO
974,62181.01886405696,333.1305286995542,54.23425758304092,-20.935661582954186,87.784199456387,r_57,r,greedy r,WFD (greedy)
976,62183.01847120805,193.4994830037448,76.9012451285522,-4.074878899062762,289.8430195920017,r_57,r,"ToO, BBH, r, 459, i3, 3185",ToO
977,62184.016648695506,334.8932785926808,65.68344647707961,-11.240280388681086,79.36565772576235,r_57,r,greedy r,WFD (greedy)
978,62185.01584171445,345.43484897468363,71.8864555844594,4.870813221816398,72.10090840212516,r_57,r,greedy r,WFD (greedy)
979,62186.01515963853,339.0242073048129,57.84183009098357,-36.981044289291546,108.81061663361892,r_57,r,greedy r,WFD (greedy)
980,62187.01502245218,250.93247378666752,32.37859733126275,58.60383780494073,319.91738839710194,i_39,i,"twilight_near_sun, 0",twilight
981,62188.01357665326,340.0718700133436,66.72411767567756,38.97068556348442,33.56360523115147,r_57,r,greedy r,WFD (greedy)
982,62189.012781023,342.66260866742584,70.06297229508063,29.91290660344146,44.71462992364285,r_57,r,greedy r,WFD (greedy)
983,62190.012237423434,308.3088480001362,43.654435531195276,-3.528290985909807,50.67966951491327,r_57,r,greedy r,WFD (greedy)
984,62191.01190791111,247.4569421272367,33.06123401069305,-41.696545450630914,58.47884565672649,i_39,i,"twilight_near_sun, 0",twilight
985,62192.01050567806,325.444995378611,55.21438002381528,50.900111918827946,9.605793966396165,r_57,r,greedy r,WFD (greedy)
986,62193.00963445942,345.5224815203026,58.49155162977601,-18.46084484665806,95.82578858725108,r_57,r,greedy r,WFD (greedy)
988,62195.300926188844,273.96100756183495,84.51745957090034,-20.294475320867353,27.43946188959662,y_10,y,"pair_33, yy, bs 52, a",WFD (pairs)
989,62196.007113650434,348.0528670932746,71.49870815625651,36.33198850082149,42.96276506714135,r_57,r,greedy r,WFD (greedy)
990,62197.0064555789,34.8024638730894,36.78522024833214,15.00817136528121,105.61212145454493,r_57,r,greedy r,WFD (greedy)
991,62198.00603012691,97.38329357897287,28.6509014778223,30.08933603357585,125.43564685823627,r_57,r,"ToO, BBH, r, 448, i4, 3072",ToO
992,62199.00525253779,254.63828250742918,32.23521981519412,35.18630719632244,344.78844343979637,r_57,r,"twilight_near_sun, 0",twilight
993,62200.003790197436,335.44936622440565,73.13735121615152,-33.60976829010994,101.65619189119714,r_57,r,greedy r,WFD (greedy)
994,62201.00296042441,332.4989476835538,68.11604879605079,51.56060471383086,14.340689774393415,r_57,r,greedy r,WFD (greedy)
995,62202.002107478,335.62520885551476,56.98893719559295,-6.943233461037544,75.89312653791588,r_57,r,greedy r,WFD (greedy)
996,62203.00184553865,254.54648367199397,32.649576572398075,16.622242781694435,3.103763136498547,i_39,i,"twilight_near_sun, 0",twilight
997,62204.000451743894,17.59064690376111,46.45780872223971,-59.31371286622925,164.61520530838757,r_57,r,greedy r,WFD (greedy)
998,62204.99956668292,13.382033101830547,50.62039044595106,59.66751464942387,41.828301308621604,r_57,r,greedy r,WFD (greedy)
999,62205.99872284359,325.1680967801303,67.49054477618213,-25.712941708702928,85.35037055714491,r_57,r,greedy r,WFD (greedy)
1001,62207.99702013664,353.9832010672994,42.75480087729488,-4.631036918714407,89.03144755971536,r_57,r,greedy r,WFD (greedy)
1002,62208.99622130446,312.73252339534207,67.77474092845974,-44.1127205172834,93.07000214998983,r_57,r,greedy r,WFD (greedy)
1003,62209.99525157282,3.9227273277014225,48.83335466825456,-41.27258709193915,134.5586260424898,r_57,r,greedy r,WFD (greedy)
1004,62210.99485411079,264.7395160628628,34.173794414958415,15.817030653398072,7.475065116721836,r_57,r,"twilight_near_sun, 0",twilight
1005,62211.99422232356,234.02912473066405,71.92394222217077,-13.086940820979443,347.8733985954002,r_57,r,"ToO, BBH, r, 459, i4, 3203",ToO
1006,62212.99262179157,5.979980484295878,53.88539160547925,51.14089036278173,43.889097311218535,r_57,r,greedy r,WFD (greedy)
1007,62213.99176160445,32.60201140484532,67.07857606218995,-20.98701961128206,139.07966161111034,r_57,r,greedy r,WFD (greedy)
1008,62214.99139168299,264.5059328036777,32.39230367955615,27.07631552318451,356.7127872849491,z_20,z,"twilight_near_sun, 0",twilight
1010,62217.31000934626,100.60990543396669,48.23978580952693,38.354004291597285,127.50409408330952,r_57,r,DD: RGES_offseason,DDF
1011,62218.09939792808,8.694208761184228,57.17738384641942,-12.240399249181271,109.66741123834827,y_10,y,"DD:COSMOS, 20290321, 0, 84947",DDF
1012,62219.0992190084,243.42703208372004,59.6430522144067,-3.6331657708022354,357.6109301933189,y_10,y,"pair_33, yy, bs 52, a",WFD (pairs)
1013,62219.98744839762,218.32200778630184,39.68303446172314,53.927564961585176,301.05763466533,r_57,r,"ToO, GW_case_B_C, r, 481, i4, 62329",ToO
1014,62220.98678355595,194.01481381543377,61.383869282959274,-18.860980388234385,311.48987391141213,g_6,g,"ToO, GW_case_B_C, g, 483, i2, 63188",ToO
1015,62221.98592864281,194.70912245586996,61.23879858974826,-38.72481721258504,332.533900806448,r_57,r,"ToO, GW_case_B_C, r, 483, i2, 63210",ToO
1016,62222.98512732272,171.4939718291188,58.94485597943937,21.448820489124277,233.10958842005377,r_57,r,"ToO, GW_case_B_C, r, 483, i3, 63471",ToO
1017,62223.98433288263,177.70438071799583,58.76754650111607,41.61499273701747,223.91865529827732,r_57,r,"ToO, GW_case_B_C, r, 483, i5, 64016",ToO
1018,62224.98240416453,11.297528778022553,46.81717207646564,-54.731306799424154,154.55585858923007,r_57,r,greedy r,WFD (greedy)
1019,62225.98143534361,5.454801033424396,70.17257865914755,-5.040841981950137,99.67724193759626,r_57,r,greedy r,WFD (greedy)
1020,62226.9810758786,280.7598177193684,32.105394843967034,47.066545800383814,343.92051528574757,r_57,r,"twilight_near_sun, 0",twilight
1021,62227.97987914167,358.6903959810331,53.48907479315677,30.466078864409194,58.24137669792076,r_57,r,greedy r,WFD (greedy)
1022,62228.979080223486,17.927178958846348,50.00003325440418,59.49553791767633,45.95115295354751,r_57,r,greedy r,WFD (greedy)
1023,62229.97815595598,6.170049626922043,69.32430188391372,4.736451139682479,90.51773382420272,r_57,r,greedy r,WFD (greedy)
1024,62230.97789854752,269.7399013335165,33.592936480115235,19.11333728418183,6.539628272272673,z_20,z,"twilight_near_sun, 0",twilight
1026,62232.97582733253,13.49772958456445,68.41031926701966,54.58515796826122,47.05642093790559,r_57,r,greedy r,WFD (greedy)
1027,62233.97505363081,31.49729700411768,69.12320658369384,-15.175852915525523,132.52232490523514,r_57,r,greedy r,WFD (greedy)
1028,62234.97465523739,280.5130861840341,31.190245396924734,28.572516830568933,2.3932360730060966,i_39,i,"twilight_near_sun, 0",twilight
1029,62235.97341922563,13.799717223490028,68.84461099985329,-10.659371854544338,112.58219989949589,r_57,r,greedy r,WFD (greedy)
1030,62236.97274118225,345.1850802755573,54.08238426642246,7.89332930517211,69.14555549423665,r_57,r,greedy r,WFD (greedy)
1031,62238.20901420682,149.62581821986254,78.16396299801889,26.164889506894333,209.05331261296783,r_57,r,"pair_33, gr, bs 52, a",WFD (pairs)
1032,62238.97158044147,284.87239219308276,32.05769228603279,1.0367768134712974,31.928332565107056,z_20,z,"twilight_near_sun, 0",twilight
1033,62239.97050052497,9.565377443215342,53.29607668560452,49.38903906392189,48.777405725104444,r_57,r,greedy r,WFD (greedy)
1034,62240.96966769902,13.498521741921701,70.84143885554104,-8.599900301205537,110.34040383344201,r_57,r,greedy r,WFD (greedy)
1035,62241.9695931024,102.33741397770198,25.716605763331827,17.712859673634814,138.44074624953134,r_57,r,"ToO, LensedBNS_A, r, 491, i1, 1795",ToO
1036,62242.96891539741,106.91142189653596,25.700953234642668,-18.861292143604505,176.25812816009167,r_57,r,"ToO, LensedBNS_A, r, 491, i3, 2418",ToO
1037,62243.96822814751,109.04265974120054,25.665971010860886,-10.968874743878974,168.9003953606331,r_57,r,"ToO, LensedBNS_A, r, 491, i5, 2917",ToO
1040,62246.96591226573,285.5495457464436,31.8518617988119,-49.039364128123005,82.3454791502644,z_20,z,"twilight_near_sun, 0",twilight
1041,62248.09833487014,15.623889468851266,65.2083383311622,21.124648508985707,82.41407302986633,y_10,y,"pair_33, yy, bs 52, a",WFD (pairs)
1042,62248.96415080396,346.9649138984548,73.20109169399488,19.751965091729947,58.53074440217113,r_57,r,greedy r,WFD (greedy)
1043,62249.96356641803,336.6077337073892,72.4505860920753,20.41252169460202,48.7455411207666,r_57,r,greedy r,WFD (greedy)
1044,62250.963329688384,284.2056537700649,33.159054988603316,-57.68947287766686,90.23016531421308,z_20,z,"twilight_near_sun, 0",twilight
1045,62251.96243709817,42.048540868568466,71.99301425921333,-19.85743238593554,146.82437904498605,r_57,r,"ToO, GW_case_B_C, r, 493, i0, 66866",ToO
1046,62252.961737586695,30.26950266572257,66.65646468089757,-35.409367279635944,151.5149235823268,r_57,r,"ToO, GW_case_B_C, r, 493, i3, 67330",ToO
1047,62254.197593463825,73.74474849179099,26.947988886285543,33.6274449969205,112.57543196512272,r_57,r,"ToO, GW_case_B_C, r, 494, i2, 68426",ToO
1048,62254.96051544805,16.36354514352652,67.5638725054196,44.211529316932214,59.9259508141544,r_57,r,"ToO, GW_case_B_C, r, 493, i4, 67496",ToO
1049,62255.95999883859,1.4684953081939296,53.015025263121224,-29.86033522503707,121.01708328824911,r_57,r,greedy r,WFD (greedy)
1053,62260.196118584514,183.23619370359654,53.45338052325587,-43.53125650322387,320.8694041361973,g_6,g,"ToO, GW_case_B_C, g, 496, i0, 69700",ToO
1054,62261.208411808504,186.82044051415144,52.73140980888657,-26.177696270883974,311.6460115684484,r_57,r,"ToO, GW_case_B_C, r, 496, i4, 70877",ToO
1055,62261.957197273005,80.14502307760671,29.477104024164454,21.151077406842578,127.90487974699755,r_57,r,greedy r,WFD (greedy)
1056,62263.01267753534,344.9666157721696,56.82022175955316,4.212271637624464,72.74918268994091,y_10,y,"DD:COSMOS, 20290505, 0, 85307",DDF
1057,62263.95624902643,80.45565631031414,29.01753259458974,-35.51293240886196,184.66259355487628,r_57,r,greedy r,WFD (greedy)
1058,62264.95532636861,9.724618733558108,69.14006632442018,6.1004702917746245,92.31103869752265,r_57,r,greedy r,WFD (greedy)
1059,62265.95486769913,10.800349527754333,72.23100979720633,25.41880301656374,74.03531008787242,r_57,r,greedy r,WFD (greedy)
1063,62270.20504951789,96.10728917093694,60.55731746768073,-51.10315245068793,220.253350266469,r_57,r,DD: RGES_offseason,DDF
1064,62270.95336190426,280.35752731143066,33.560465377404164,-21.656601941309887,52.24157036007017,z_20,z,"twilight_near_sun, 0",twilight
1065,62271.95262675103,5.369013784250179,54.47321856927254,57.737136629522396,36.83240600504247,r_57,r,greedy r,WFD (greedy)
1067,62273.9519803856,16.845416261025953,51.13943138092247,22.828358645784835,81.7274997171212,r_57,r,greedy r,WFD (greedy)
1068,62274.9520270625,280.91937807649487,32.705421520235305,-57.32937672555096,88.29204215882814,i_39,i,"twilight_near_sun, 0",twilight
1069,62276.07627625293,5.234001127584287,68.05968807982741,-10.80065763739259,105.416867156567,y_10,y,"pair_33, yy, bs 52, a",WFD (pairs)
1070,62277.075987123324,10.09142036950127,69.37034014616466,46.31387106917883,52.57931395666639,y_10,y,"pair_33, yy, bs 52, a",WFD (pairs)
1071,62277.95156313494,128.77127589858208,68.41980322586856,13.356249374337583,191.87795916545653,r_57,r,greedy r,WFD (greedy)
1072,62278.950663544645,316.61525944810376,36.61182301960107,-6.571833485599603,59.11374082084256,g_6,g,"ToO, GW_case_D_E, g, 502, i1, 52610",ToO
1073,62280.1943466475,308.44441199733023,83.81837545924287,53.98506615225385,347.1736381894073,y_10,y,"pair_33, yy, bs 52, a",WFD (pairs)
1074,62280.95021224261,316.0011220512296,35.38506515561569,42.62448514309575,9.312289081767632,g_6,g,"ToO, GW_case_D_E, g, 502, i3, 53784",ToO
1076,62282.94997095316,294.0071300935265,33.235693029376016,5.307648133053226,32.4147121021883,z_20,z,"twilight_near_sun, 0",twilight
1077,62283.94952576886,2.1157611837715984,53.074951531092005,-0.6308930174548391,92.40787609192192,r_57,r,greedy r,WFD (greedy)
1078,62284.94965771286,70.23767376219077,44.56663227356832,16.1948792582222,129.12034673995825,r_57,r,greedy r,WFD (greedy)
1079,62285.94950392684,69.49957001105403,44.02140194330673,-19.572937837577335,164.3554875916243,r_57,r,greedy r,WFD (greedy)
1080,62286.94957601589,96.0222397144499,53.518886386855144,-30.464737540751052,195.75369979020172,g_6,g,"ToO, GW_case_B_C, g, 504, i1, 72595",ToO
1081,62287.94943991237,93.71902551194651,50.57761096237144,49.75061969277105,112.53578078559077,r_57,r,"ToO, GW_case_B_C, r, 504, i1, 72700",ToO
1082,62288.94939130368,100.81335811502835,52.61637735887884,51.065816507235645,117.22663185359126,r_57,r,"ToO, GW_case_B_C, r, 504, i4, 73316",ToO
1083,62289.949283972725,98.41373099432396,49.503589179541194,41.399925560625185,123.56279622741319,r_57,r,"ToO, GW_case_B_C, r, 504, i5, 73592",ToO
1084,62290.94920664583,98.03497073031038,53.40220145782369,57.607291894485286,109.0982402338526,i_39,i,"ToO, GW_case_B_C, i, 504, i5, 73794",ToO
1087,62293.948707116826,309.711183056487,37.08686353275714,31.607360680309668,16.126800367763476,r_57,r,"ToO, GW_case_A, r, 506, i1, 2736",ToO
1088,62294.94880418932,294.8280933615577,32.64663047847149,-2.3619844069549876,40.54136506865497,i_39,i,"twilight_near_sun, 0",twilight
1089,62295.948505700995,334.03323672607996,72.91531032016876,-4.334635544222337,71.26026264805704,r_57,r,greedy r,WFD (greedy)
1090,62296.948453843455,0.7660044074116524,72.4631188261,-29.85597169135778,120.50233932864037,r_57,r,greedy r,WFD (greedy)
1091,62297.948620038405,6.526778715123758,45.25825456996733,17.905644667323457,77.89383179074848,r_57,r,greedy r,WFD (greedy)
1092,62298.94969586666,187.96890775619454,53.14471790404131,-25.375964898930672,312.6224967387776,r_57,r,"ToO, BBH, r, 512, i0, 3371",ToO
1093,62299.948635087516,29.09597489057954,63.503038308180024,-28.132702618526977,143.15984731863233,r_57,r,greedy r,WFD (greedy)
1094,62300.949789722465,190.45202969400893,53.96547045143996,10.192005949590621,281.5267202961331,r_57,r,"ToO, BBH, r, 512, i1, 3398",ToO
1169,62376.31889167817,209.35062677335588,73.8753569319418,10.600860171952077,295.33525544498633,r_57,r,"DD:ELAISS1, 20290827, 2, 23420",DDF
1171,62377.97221745845,131.07558132859432,70.70247958766456,28.16101739684509,181.61461933716396,g_6,g,"ToO, LensedBNS_B, g, 563, i4, 8991",ToO
1172,62378.97216398037,280.8156319259548,33.207278142086395,-29.066366061832838,60.149696571385164,i_39,i,"twilight_near_sun, 0",twilight
1173,62379.97211888185,1.0332061517061675,57.80983154798419,31.178980308070695,59.878618899640394,r_57,r,greedy r,WFD (greedy)
1174,62380.972462863276,358.9828118920318,59.195832715001096,1.4401554766036653,87.84558710030748,r_57,r,greedy r,WFD (greedy)
1176,62382.973545755216,284.5580355300958,31.450009505503964,-4.155348646922658,37.231541497824196,r_57,r,"twilight_near_sun, 0",twilight
1179,62385.97425345725,346.1610569275991,57.601584096668795,-34.13321801715328,112.36833273581176,r_57,r,greedy r,WFD (greedy)
1180,62386.975079299074,271.6306063371819,31.530117533544576,30.18039868807708,357.0130245575136,i_39,i,"twilight_near_sun, 0",twilight
1181,62387.97523334886,61.807868731088966,67.80450281322584,-45.209102141609236,188.6450125652169,r_57,r,greedy r,WFD (greedy)
1182,62388.97563413333,66.32950035499431,66.89166380895134,-49.27260324101773,196.29068605197614,r_57,r,greedy r,WFD (greedy)
1183,62390.198518955476,104.15666156257693,36.21839745395121,20.145344535385753,141.11948785327002,u_24,u,"DD:ECDFS, 20290909, 0, 31952",DDF
1186,62392.97698285007,49.51043115023261,70.29872226896612,-11.36007208625846,144.79602655775415,r_57,r,greedy r,WFD (greedy)
1187,62393.97756223776,75.13024382562232,56.86148038049077,58.99515693996849,92.23756444810056,r_57,r,greedy r,WFD (greedy)
1188,62394.97770928244,315.5878662381647,53.22287727174751,-42.99351254961859,95.92997357558924,r_57,r,"ToO, GW_case_B_C, r, 571, i0, 74881",ToO
1189,62396.20020982302,32.14055978974074,60.75293226731373,18.933284137215594,98.49144428459529,i_39,i,"pair_33, iz, bs 52, a",WFD (pairs)
1191,62397.97889869146,311.07445394712204,49.66504972221534,-12.386186122482627,61.90154155961799,r_57,r,"ToO, GW_case_B_C, r, 571, i4, 76025",ToO
1192,62398.97920926857,321.93215763623596,61.373392078156755,45.78800095510905,11.94734767866336,r_57,r,"ToO, GW_case_B_C, r, 571, i5, 76256",ToO
1193,62399.979551095705,330.6592330107408,52.692435417182736,57.77111613802603,7.3102865277477225,r_57,r,greedy r,WFD (greedy)
1194,62400.980074057814,48.80432812870397,72.24029846797512,45.59984238353016,87.62201189292979,r_57,r,greedy r,WFD (greedy)
1195,62401.98035903955,328.0284130025309,52.272112619940756,-36.24455319594257,99.15322910322712,r_57,r,greedy r,WFD (greedy)
1196,62402.98124689892,265.1700066837735,31.831175678875958,-33.48434674425411,57.95616116605255,z_20,z,"twilight_near_sun, 0",twilight
1198,62404.98178739215,57.97375654241982,68.69571408115367,-24.8241848804533,165.18410025734812,r_57,r,greedy r,WFD (greedy)
1199,62405.982273431066,66.09687140377626,65.66470268385815,28.433124300049915,118.0092426455242,r_57,r,greedy r,WFD (greedy)
1201,62407.982970136705,45.635443570701234,70.3069737131792,6.901375956482657,123.14773528030081,r_57,r,greedy r,WFD (greedy)
1202,62408.983514784144,59.14042051444115,67.38059944610647,39.82864239206254,101.19691958949217,r_57,r,greedy r,WFD (greedy)
1203,62409.98393232332,55.982369002395366,70.68038557233696,25.801948574939445,113.32089489935143,r_57,r,greedy r,WFD (greedy)
1204,62410.98475863601,255.63976221405122,31.340975663189592,-56.8165701417015,77.81045142615665,i_39,i,"twilight_near_sun, 0",twilight
1207,62413.98577947121,58.03099556551991,69.89919556505622,-1.2222422407290956,141.91508899923355,r_57,r,greedy r,WFD (greedy)
1209,62415.98699822311,268.1097156349087,72.9937390340787,-9.515933492781192,17.623597752846756,r_57,r,greedy r,WFD (greedy)
1210,62416.987072778684,39.3558057849852,51.291569430745724,31.413570428652513,91.91272321294932,g_6,g,"ToO, GW_case_D_E, g, 581, i0, 55651",ToO
1211,62417.987500749034,29.747250867187066,53.84330354647414,39.80347274818875,75.70448498711623,r_57,r,"ToO, GW_case_A, r, 582, i0, 3359",ToO
1212,62418.98803731637,36.208355571580206,56.37176829451714,7.908728935166254,112.8970361933144,r_57,r,"ToO, GW_case_A, r, 582, i1, 3503",ToO
1213,62419.9885202198,33.507881889331145,58.74727220064149,-13.11855602716045,131.75764971857626,r_57,r,"ToO, GW_case_A, r, 582, i2, 3549",ToO
1214,62421.187279717364,37.947297795709105,59.07948049744658,24.251803461880147,97.86036879049078,u_24,u,"DD:XMM_LSS, 20291010, 0, 13203",DDF
1215,62421.98962843919,44.03472532118983,70.2696193718977,3.3492365541787557,125.26979991448137,r_57,r,greedy r,WFD (greedy)
1216,62422.99057829952,261.5518290869722,33.18759911097972,-22.159365223699915,44.720154443380686,i_39,i,"twilight_near_sun, 0",twilight
1217,62424.102613031035,210.48017121711183,64.7927023000935,7.639132583838557,306.1690939578988,y_10,y,"pair_33, yy, bs 52, a",WFD (pairs)
1218,62424.99164830198,261.1425211756681,39.66170278448365,21.279506569504807,358.4375138324485,g_6,g,"ToO, GW_case_D_E, g, 587, i1, 56618",ToO
1219,62425.992252613854,253.18863581285228,40.04722539543279,-52.033459169671026,67.43559365208235,g_6,g,"ToO, GW_case_D_E, g, 587, i2, 56745",ToO
1222,62429.10358627227,64.58279112417814,43.809866622268096,-54.94511202642548,196.36802254923012,y_10,y,"DD:XMM_LSS, 20291017, 0, 13404",DDF
1224,62430.99511401805,247.42320218942007,32.17588076276935,-39.34333134291668,56.92167525829453,i_39,i,"twilight_near_sun, 0",twilight
1226,62432.99582082033,309.1979938023215,69.42000397166373,-2.6239845645372784,48.559908670763946,r_57,r,greedy r,WFD (greedy)
1227,62433.996627939385,281.7535039174634,72.1396620021129,-2.245569464896918,23.24570352349725,r_57,r,greedy r,WFD (greedy)
1229,62435.997568497754,43.824410190772,69.82579606440491,-52.257923260729825,180.57583650236774,r_57,r,greedy r,WFD (greedy)
1230,62437.10224044891,68.28529737118966,48.688539517319434,-34.245916785247495,178.6283566338885,g_6,g,"ToO, GW_case_D_E, g, 592, i3, 60089",ToO
1231,62437.999052519095,286.40141456330366,71.18138843789885,10.986319637732514,14.55443847711384,r_57,r,greedy r,WFD (greedy)
1232,62438.999878044786,260.5993393968166,30.27414222318282,-36.432244206877975,59.735711042517615,z_20,z,"twilight_near_sun, 0",twilight
1233,62439.99993997556,336.9656374201922,72.65302528946214,23.114388343361956,46.59611825030843,r_57,r,greedy r,WFD (greedy)
1234,62441.00091834338,292.79508618685685,74.64455794640666,-33.32090209392857,63.25434996471295,r_57,r,greedy r,WFD (greedy)
1235,62442.00142235652,49.692534690466665,52.19442908282302,-47.87085461119777,179.15841489756815,r_57,r,greedy r,WFD (greedy)
1236,62443.00214471016,302.46589046135335,51.39321219366378,-34.65064652931635,77.67020190974671,r_57,r,"ToO, BBH, r, 598, i0, 3563",ToO
1237,62444.106040430874,183.47319262099714,76.45546015840148,-49.383990618204756,323.50514947387273,r_57,r,"DD:ELAISS1, 20291103, 3, 23540",DDF
1238,62445.00352663418,295.2581970734227,50.09001884917695,-38.42384985838538,76.36805889924361,r_57,r,"ToO, BBH, r, 598, i1, 3578",ToO
1239,62446.00439066878,270.1044632540992,59.482572562393955,-43.53876472905024,60.27530881249991,r_57,r,greedy r,WFD (greedy)
1240,62447.005207190436,251.56665839314698,33.27247520143787,43.31877268745652,335.19689590940044,i_39,i,"twilight_near_sun, 0",twilight
1241,62448.00567117482,279.76230869638647,54.57642652254185,-21.20253299111574,47.14242791614567,r_57,r,greedy r,WFD (greedy)
1243,62450.00669568022,325.6144510372908,72.87111133468386,-51.932384948793036,111.56013737042278,r_57,r,greedy r,WFD (greedy)
1244,62451.10522227121,115.5791846742311,46.39534400062732,-17.4280405856353,191.5564957735911,i_39,i,"blob_long, iz, a",WFD (blob)
1245,62452.00798945509,25.218993541405133,64.02370029668675,-27.477579079113006,139.23240576884174,r_57,r,greedy r,WFD (greedy)
1246,62453.00869427002,21.14559853980314,59.94020458208021,13.943149123946528,94.23958844039166,r_57,r,greedy r,WFD (greedy)
1248,62455.010820184805,238.91368748136554,32.842579852667924,46.65114454297121,327.3473945555582,r_57,r,"twilight_near_sun, 0",twilight
1252,62459.297493713384,121.67856833078146,31.905528754408653,-46.20421075344051,211.80580465129714,r_57,r,"ToO, neutrino, r, 602, i7, 366",ToO
1253,62460.0139662915,283.6886313642413,69.70587377987802,15.001995856412448,8.672170314556858,r_57,r,greedy r,WFD (greedy)
1254,62461.01433413977,326.8600522093931,72.99625581426172,-43.939593619445446,104.61205010109889,r_57,r,greedy r,WFD (greedy)
1255,62462.01494222997,343.7691712387399,72.99816672779477,43.81490176251082,31.81418582325899,r_57,r,greedy r,WFD (greedy)
1256,62463.01610306146,84.79356514336381,35.32288390382713,30.338374156880814,121.58016984706364,r_57,r,"ToO, GW_case_B_C, r, 608, i0, 80446",ToO
1257,62464.01686283439,94.18085110874964,33.841361082683854,38.15491805092462,117.70495302684533,r_57,r,"ToO, GW_case_B_C, r, 608, i1, 80727",ToO
1258,62465.01750856272,89.32773640861438,30.482971071824345,2.9365338971689576,149.95548613226654,r_57,r,"ToO, GW_case_B_C, r, 608, i4, 81415",ToO
1259,62466.018180025065,88.30484746557168,35.04288457709411,59.406184414541634,94.12632925395316,r_57,r,"ToO, GW_case_B_C, r, 608, i5, 81677",ToO
1260,62467.01915558372,232.8358728985217,32.20100830933655,-54.654080379565116,67.03642541314859,r_57,r,"twilight_near_sun, 0",twilight
1261,62468.01896923293,353.05053628903227,73.00834158314515,-10.331233190637036,94.16173962741298,r_57,r,greedy r,WFD (greedy)
1263,62470.02038362748,358.95051413406645,69.84054274852187,54.98770918017259,34.07664163362511,r_57,r,greedy r,WFD (greedy)
1264,62471.02184142605,226.62404285237167,28.973046274706405,9.255025393141691,4.728850270031732,r_57,r,"twilight_near_sun, 0",twilight
1265,62472.021714199625,327.3500390252062,68.03382323680668,37.819258203214375,23.821142704435797,r_57,r,greedy r,WFD (greedy)
1266,62473.02225955906,340.9252219778244,74.04933052177795,-37.98698569497623,110.97648494699607,r_57,r,greedy r,WFD (greedy)
1267,62474.02294202629,5.199694329686308,68.94605844345827,58.45718440476114,36.056811129532775,r_57,r,greedy r,WFD (greedy)
1268,62475.02437092302,224.18433413706228,31.118892864275043,-0.13271868901200953,10.851365629587889,z_20,z,"twilight_near_sun, 0",twilight
1269,62476.02413556468,24.138456060833594,58.242451030214745,-0.21556813919513704,110.83376940201697,r_57,r,greedy r,WFD (greedy)
1270,62477.02474591715,3.3458665519881228,68.0930231632118,57.49423382965299,35.38249718285107,r_57,r,greedy r,WFD (greedy)
1271,62478.02532991734,331.82071070765846,54.36867997253595,-13.620088156197507,79.53090884486637,r_57,r,greedy r,WFD (greedy)
1272,62479.026685772675,227.27099305674798,31.681365311113048,-12.257085164579305,23.27353951555018,z_20,z,"twilight_near_sun, 0",twilight
1273,62480.0263685081,9.7194846570199,67.8953261188975,11.141318371305779,87.27540850348359,r_57,r,greedy r,WFD (greedy)
1274,62481.1241781946,24.58918287434758,59.36839998827437,-44.10645768948071,155.03221017970307,r_57,r,greedy r,WFD (greedy)
1276,62483.02883368933,223.87309040958692,31.81454831693926,-36.78027845143127,46.482036118334136,i_39,i,"twilight_near_sun, 0",twilight
1277,62484.02871244424,57.09283452128939,26.07751668189793,-47.56947954538904,185.16057694031377,r_57,r,"ToO, GW_case_B_C, r, 618, i0, 81948",ToO
1278,62485.02920734379,59.636322507247584,26.65689351841764,43.95433073364464,94.96533137170486,r_57,r,"ToO, GW_case_B_C, r, 618, i3, 82473",ToO
1279,62486.02960257898,46.625067811950345,26.418157263844783,10.833971215723375,120.29361548004101,r_57,r,"ToO, GW_case_B_C, r, 618, i3, 82481",ToO
1282,62489.03083897495,313.93076245863176,71.95824265299208,-7.180984657419924,56.53819285297924,r_57,r,greedy r,WFD (greedy)
1283,62490.030998982555,345.7556533398625,71.35631085126202,17.254684030029747,60.118604207031645,r_57,r,greedy r,WFD (greedy)
1284,62491.0321654087,238.1753612684668,32.802810929623,51.27519503350501,322.4093544101144,i_39,i,"twilight_near_sun, 0",twilight
1285,62492.03178443722,17.04697907237098,72.51088523986344,52.9479249455355,52.04128363989817,r_57,r,greedy r,WFD (greedy)
1286,62493.03214353594,331.13489052551495,52.03388649623792,-12.42096958434492,77.66708424360527,r_57,r,greedy r,WFD (greedy)
1287,62494.03231989858,11.024332103113151,73.96438781891938,-19.200581400576215,118.92043941789522,r_57,r,greedy r,WFD (greedy)
1288,62495.03353751532,223.54150478668726,31.762772232149324,-5.84077957910501,15.454403625969533,r_57,r,"twilight_near_sun, 0",twilight
1289,62496.032955675815,333.9483659224095,65.06859466667264,9.044145798987982,58.38806873359499,r_57,r,greedy r,WFD (greedy)
1290,62497.033147817056,15.338514437357558,67.0342350404933,-3.753305465380782,106.97895068884027,r_57,r,greedy r,WFD (greedy)
1291,62498.03337574836,340.55694537915633,67.04072908278023,20.04144014872052,52.974617230886615,r_57,r,greedy r,WFD (greedy)
1292,62499.03443385328,226.7898159327818,32.75028194921621,6.56367787136085,2.9521019395345243,i_39,i,"twilight_near_sun, 0",twilight
1293,62500.0337462024,349.83005955664555,66.23363891823381,-20.570977368912754,101.63550413776531,r_57,r,greedy r,WFD (greedy)
1294,62501.03388830524,343.28915303830246,72.80988363107345,-17.208043066490408,92.2938222231536,r_57,r,greedy r,WFD (greedy)
1295,62502.034121844525,327.323628173449,51.24113413554596,-14.01913421225081,76.09443140625366,r_57,r,greedy r,WFD (greedy)
1296,62503.03493063788,235.96799709991055,32.723701666980084,-48.59792956842436,61.50065519653961,r_57,r,"twilight_near_sun, 0",twilight
1297,62504.03423301279,3.913674081202965,69.0721688649195,-39.09607204078917,132.40038502658976,r_57,r,greedy r,WFD (greedy)
1299,62506.291955268716,20.302736715584707,55.78567763013358,18.408852470770555,88.96367236331459,u_24,u,"DD:COSMOS, 20300102, 0, 2589",DDF
1301,62508.034418652554,328.25267470731364,51.66956938662215,8.061194392584765,54.76659702841549,r_57,r,greedy r,WFD (greedy)
1302,62509.034284107205,6.354913262617936,69.44983422367089,31.655562778000085,63.779681674342925,r_57,r,greedy r,WFD (greedy)
1304,62511.03499936717,231.60355318506333,32.82030760449755,39.24314366876408,331.93246403301123,i_39,i,"twilight_near_sun, 0",twilight
1306,62513.03392494585,4.564838141640167,70.69518402857564,12.750546691095442,81.12625465182856,r_57,r,greedy r,WFD (greedy)
1307,62514.03384274758,335.02915411447486,70.40983781962552,21.303982397639757,46.66206181150899,r_57,r,greedy r,WFD (greedy)
1308,62515.03441172955,238.47068616256013,33.65501763487686,-53.66029957254901,66.64963357669347,i_39,i,"twilight_near_sun, 0",twilight
1309,62516.03353132395,328.60926809338014,59.49146990142928,54.09482193722486,9.00262718448411,r_57,r,greedy r,WFD (greedy)
1311,62518.214635782075,229.2017636441773,39.14947999350458,7.558750299534952,355.2366244296018,r_57,r,"DD:EDFS_a, 20300116, 0, 41359",DDF
1313,62520.03259281432,323.9682291724181,74.25189224040847,-58.362464816622534,116.09724841906244,r_57,r,greedy r,WFD (greedy)
1314,62521.03223290724,341.34992845731773,62.4749965081008,-54.65378481510188,128.44539266293123,r_57,r,greedy r,WFD (greedy)
1315,62522.03185796773,349.0254639176388,65.63321871070613,22.50073215545968,57.8347360304579,r_57,r,greedy r,WFD (greedy)
1316,62523.03226165393,242.0149321113457,33.82813122266272,7.540328591879294,6.675737320029923,z_20,z,"twilight_near_sun, 0",twilight
1317,62524.03122207358,353.18914338302625,66.97476992338092,-55.97545928417219,139.89878845665655,r_57,r,greedy r,WFD (greedy)
1318,62525.03075258364,7.8464915192285645,73.19997807128115,30.389462667688758,66.42113562415628,r_57,r,greedy r,WFD (greedy)
1319,62526.0305297527,319.86557240751284,47.721150265188996,42.657086454183535,13.299614415463964,r_57,r,greedy r,WFD (greedy)
1320,62527.03072765512,239.85750682801924,33.03581290784759,-0.4206959697370764,14.415359093963497,r_57,r,"twilight_near_sun, 0",twilight
1321,62528.029496942974,7.765531521108627,71.92087467658594,-3.0109146649072884,99.71200040806352,r_57,r,greedy r,WFD (greedy)
1322,62529.029150712646,331.24012194015137,56.106685192299985,-58.79366759021368,124.10106401851363,r_57,r,greedy r,WFD (greedy)
1323,62530.028654279515,333.26278347985874,62.642737374956866,35.08413053249279,31.799729443609625,r_57,r,greedy r,WFD (greedy)
1324,62531.02879488784,109.34056250361603,44.66216563050943,-20.450877450375277,189.3629656851553,r_57,r,"ToO, BBH, r, 621, i4, 4016",ToO
1326,62533.02710078486,11.315736072108413,64.68193374276586,-14.485135064795674,114.12310279186964,r_57,r,greedy r,WFD (greedy)
1327,62534.02653760189,18.879182667465873,73.54468405287857,8.906703562719938,97.71070453906894,r_57,r,greedy r,WFD (greedy)
1328,62535.02668860833,249.44175086092034,33.307914169521034,-27.553819474450698,45.00347687766066,z_20,z,"twilight_near_sun, 0",twilight
1329,62536.02549307089,331.27522340026314,62.59592479114164,-40.07949586903269,105.27422735187223,r_57,r,greedy r,WFD (greedy)
1330,62537.024831971474,350.6830110703076,70.53961095746345,34.01886182287092,47.62800715681358,r_57,r,greedy r,WFD (greedy)
1331,62538.02429399504,11.858533278320058,57.92626174470358,0.168015026891771,99.89292569459265,r_57,r,greedy r,WFD (greedy)
1332,62539.02442905792,235.43261744714212,32.75898895012639,4.3608659819813544,8.189842137118813,i_39,i,"twilight_near_sun, 0",twilight
1333,62540.02306633353,6.541570570046596,69.60709352579839,56.742515773296326,38.824466132570485,r_57,r,greedy r,WFD (greedy)
1334,62541.02243666732,330.4061028473155,53.66525504831187,56.11551545135788,8.46382618056917,r_57,r,greedy r,WFD (greedy)
1335,62542.02175256992,334.2636806832815,58.71629996299269,43.25961811360061,24.54802431312703,r_57,r,greedy r,WFD (greedy)
1336,62543.02179056067,241.4876072847937,33.605982574589774,-37.509712240743504,51.62951314898698,i_39,i,"twilight_near_sun, 0",twilight
1337,62544.020543611645,315.3679316193512,52.77253073647403,11.670988913252462,40.80712526177684,r_57,r,greedy r,WFD (greedy)
1338,62545.019856249106,314.7521478588874,51.790113790228844,45.72077574766209,6.292346663146801,r_57,r,greedy r,WFD (greedy)
1339,62546.01904201693,329.2427070756962,54.878564679996785,-14.581383669047547,78.208841359709,r_57,r,greedy r,WFD (greedy)
1340,62547.018954951694,247.3755624374143,32.71202596129632,-47.89259097282194,64.88611696162243,i_39,i,"twilight_near_sun, 0",twilight
1341,62548.01757729889,343.8502036456444,57.289911562587186,37.88860454682728,38.041306076382774,r_57,r,greedy r,WFD (greedy)
1342,62549.01676373842,345.55016020853077,71.46219298163358,-1.138150986027973,78.22730852109382,r_57,r,greedy r,WFD (greedy)
1343,62550.01601205441,15.57747082109809,71.611097036255,8.76790311008876,94.80185894152223,r_57,r,greedy r,WFD (greedy)
1344,62551.01596369386,251.1947545236887,32.7562009468835,57.828234976697914,320.5804340435395,r_57,r,"twilight_near_sun, 0",twilight
1345,62552.0146446769,37.74470010185289,50.407667842991906,13.221589778906992,108.58182895305816,r_57,r,greedy r,WFD (greedy)
1346,62553.0138382674,33.341588467991706,53.60169714074799,-8.578893685249335,126.76951146785443,r_57,r,greedy r,WFD (greedy)
1347,62554.013039637204,332.3726968706043,54.85165395569591,-15.117405478952524,81.3315641536213,r_57,r,greedy r,WFD (greedy)
1348,62555.012820124895,256.3742508741365,32.862548314432566,-9.914879275684957,30.279442471106183,z_20,z,"twilight_near_sun, 0",twilight
1349,62556.0114484094,331.63249086202916,56.8303095238958,-45.28568315797412,110.89053830639274,r_57,r,greedy r,WFD (greedy)
1351,62558.00980773856,335.6581262278664,61.37456420992516,41.137817870044785,27.790829801439422,r_57,r,greedy r,WFD (greedy)
1352,62559.009625758896,252.88147755311866,33.789203254387004,-25.91802055546115,44.4066401705472,i_39,i,"twilight_near_sun, 0",twilight
1353,62560.008146630564,340.28821626295564,68.38929567985444,-22.706336542225824,95.3412938688196,r_57,r,greedy r,WFD (greedy)
1354,62561.00743409147,4.6924927173321,45.96861408439468,45.34481134701332,48.65125439705342,r_57,r,greedy r,WFD (greedy)
1355,62562.00665898149,44.688016615422214,53.28724523122555,-56.78096065201621,184.06822625903115,r_57,r,greedy r,WFD (greedy)
1356,62563.00620584641,266.59072227642633,31.86513845973454,2.433027650832425,22.405024927836486,i_39,i,"twilight_near_sun, 0",twilight
1357,62564.004942362575,9.994012943133667,43.1538373278371,-3.9635489367539023,102.76339780838404,r_57,r,greedy r,WFD (greedy)
1358,62565.00410931134,41.05297199651058,55.1645357938256,23.213278055860428,101.23305541629162,r_57,r,greedy r,WFD (greedy)
1359,62566.00319217222,329.3358132205617,57.983764007144714,-39.91065449755214,103.58768443704085,r_57,r,greedy r,WFD (greedy)
1360,62567.002828597724,265.54035504512956,32.920491636813686,20.164691861089945,3.901293105603395,r_57,r,"twilight_near_sun, 0",twilight
1361,62568.00147364544,21.575384095179537,55.018997876074856,-14.27019055257432,122.6520634334026,r_57,r,greedy r,WFD (greedy)
1362,62569.0006172756,335.1889332211672,55.03478509349526,14.721745505488105,53.84040631725174,r_57,r,greedy r,WFD (greedy)
1363,62569.99981415448,36.16749269735966,44.875169131992195,-54.83193059154531,175.67042912986184,r_57,r,greedy r,WFD (greedy)
1364,62570.99939883774,264.8431380767015,32.833163271007884,-4.639291512486783,28.433168384608035,i_39,i,"twilight_near_sun, 0",twilight
1365,62571.99801143716,333.7203857440503,73.8213651790786,3.6393225675295198,62.79418382452653,r_57,r,greedy r,WFD (greedy)
1366,62572.9973203826,310.3409137177693,53.2642918948693,-34.035167035310636,82.57109232099555,r_57,r,greedy r,WFD (greedy)
1367,62573.99641778967,46.15724194446276,49.853945417350104,-42.91134954480301,171.31639005639227,r_57,r,greedy r,WFD (greedy)
1368,62574.995854715,275.2941458851777,30.490919053642212,-37.402043168129694,66.17598562030224,z_20,z,"twilight_near_sun, 0",twilight
1369,62575.99472002215,310.0627635461098,42.92453388848914,-18.509341061819228,66.85967916094155,r_57,r,greedy r,WFD (greedy)
1370,62576.99373617699,325.2692498261936,53.58451555367602,-48.005566869661244,108.34958895879137,r_57,r,greedy r,WFD (greedy)
1371,62577.992883817016,3.779558750805295,45.167923072695636,54.100719730055886,39.10124660866677,r_57,r,greedy r,WFD (greedy)
1372,62578.99252510924,256.9258622812384,33.28946603612788,-11.485643811721927,31.82548468790656,i_39,i,"twilight_near_sun, 0",twilight
1373,62579.99109787569,24.197179485786915,54.132589298167375,37.5956765591176,73.0215451028589,r_57,r,greedy r,WFD (greedy)
1374,62580.9902749105,36.793068134792996,55.6388051212064,57.406909838664035,63.621014524412914,r_57,r,greedy r,WFD (greedy)
1376,62582.988980582304,268.45319168936396,33.0166176589764,18.13679507962248,7.120765039500084,z_20,z,"twilight_near_sun, 0",twilight
1377,62583.9876154279,21.448031528914196,60.018389580715414,45.213406451269584,63.059995650328524,r_57,r,greedy r,WFD (greedy)
1378,62584.98676126027,23.70152595543451,59.64951955553078,16.740466986569018,93.44248758463661,r_57,r,greedy r,WFD (greedy)
1380,62586.98555940294,268.8280257364374,33.43074596851314,-8.342733056004054,33.64259418249704,z_20,z,"twilight_near_sun, 0",twilight
1381,62587.984235437405,24.400955896424154,68.79549958707948,-54.819709640040415,165.96048973113363,r_57,r,greedy r,WFD (greedy)
1382,62588.983359074344,25.928402485738793,62.63135321883703,4.856604411506281,107.2858312021197,r_57,r,greedy r,WFD (greedy)
1383,62590.31655964758,116.38902327312572,74.92375894550477,59.15245055701853,138.25381369917213,r_57,r,"pair_33, gr, bs 52, a",WFD (pairs)
1384,62590.98225836338,261.1798295288,33.25793587038767,54.94139659403822,327.13794794819796,i_39,i,"twilight_near_sun, 0",twilight
1385,62591.980891373256,6.521987839418736,65.12986855372918,-54.37935051914449,149.88088248314392,r_57,r,greedy r,WFD (greedy)
1386,62592.980000839336,20.288768325222755,70.25347323062603,25.716951817169285,81.93453551476208,r_57,r,greedy r,WFD (greedy)
1389,62596.20171801992,298.98942418294087,36.41130001377698,-9.853295078023814,50.638829134770056,r_57,r,"DD:COSMOS, 20300404, 3, 3577",DDF
1390,62596.976819845484,11.043120418441784,61.388124750243385,53.00097722752567,46.38298670420505,r_57,r,greedy r,WFD (greedy)
1391,62597.97598639061,14.233835704744369,65.69117771376503,41.338989535753925,60.86089040563439,r_57,r,greedy r,WFD (greedy)
1393,62599.974465984946,343.97681439318336,56.179589348335476,-52.30656651016765,128.3358096691526,r_57,r,greedy r,WFD (greedy)
1394,62600.973743029834,25.92983863053204,47.16219837632598,40.626589133861245,71.7479713052012,r_57,r,greedy r,WFD (greedy)
1395,62601.97324563637,289.5690903075224,71.89701052781487,-41.330430956956484,69.0800804215854,r_57,r,greedy r,WFD (greedy)
1396,62602.972581528484,277.2542518899993,32.29843396449168,4.115182334757152,25.194976762963865,i_39,i,"twilight_near_sun, 0",twilight
1397,62603.97193168674,263.91932755263286,67.31676960894771,49.612969597156955,317.4772884215578,r_57,r,greedy r,WFD (greedy)
1398,62604.970703702595,339.83161937648026,50.92838130117746,8.512496953374574,63.865193121235976,r_57,r,greedy r,WFD (greedy)
1399,62605.96997644947,355.8024054975376,49.62665728736519,-11.85959484126979,98.02562432086614,r_57,r,greedy r,WFD (greedy)
1401,62607.96848874739,29.29592915565174,64.48791920361255,-51.64458734131325,166.75865713335915,r_57,r,greedy r,WFD (greedy)
1402,62608.96779298934,23.757344836899698,71.87290545423063,57.34358942353163,53.492391640426916,r_57,r,greedy r,WFD (greedy)
1403,62609.96700267362,346.4142223067693,75.05337221063346,-21.486376327038634,99.16763150136225,r_57,r,greedy r,WFD (greedy)
1404,62611.21061112606,352.77658030533496,65.48671213301036,-36.20963177202904,120.02710675159922,z_20,z,"pair_33, zy, bs 52, a",WFD (pairs)
1405,62611.96567637284,21.01841670326953,64.5424572587681,-24.8357648430379,132.87412573543932,r_57,r,greedy r,WFD (greedy)
1406,62612.96508496905,30.27143346169255,51.39273528402056,56.2577479826868,59.532132239839925,r_57,r,greedy r,WFD (greedy)
1407,62613.9643808531,355.6210197812219,59.963632783945584,-48.031899796499864,134.11037419503052,r_57,r,greedy r,WFD (greedy)
1408,62614.96414457468,280.7035181663055,32.29314184046271,43.99665485305801,346.9143620393192,r_57,r,"twilight_near_sun, 0",twilight
1410,62616.96246563634,21.708080043890078,61.84416560494079,40.369304342538896,68.19592318924086,r_57,r,greedy r,WFD (greedy)
1413,62620.08700157323,316.4671726932284,48.57541546852525,-1.1775688102238424,54.55031150439671,r_57,r,"DD:COSMOS, 20300428, 3, 3625",DDF
1414,62620.96009300304,358.23562121736984,64.64877180598656,-43.97005741508738,132.3128979995371,r_57,r,greedy r,WFD (greedy)
1415,62621.959542013734,27.27184386991483,60.26769739024487,36.226030681975054,77.03797536088018,r_57,r,greedy r,WFD (greedy)
1417,62624.20615553098,99.81084588986518,51.29420429059826,-16.030106637697685,182.9942588018413,r_57,r,DD: RGES_offseason,DDF
1418,62624.95792983434,358.9589273954807,62.019748569255235,48.602484221518004,40.377453589001846,r_57,r,greedy r,WFD (greedy)
1426,62632.95431874711,321.40798961005703,72.4344902547759,-48.69265113222395,104.45402145135041,r_57,r,greedy r,WFD (greedy)
1427,62634.07915703293,71.53235032481093,70.78500377713468,-49.896314046661566,202.6149683751825,i_39,i,"pair_33, iz, bs 52, a",WFD (pairs)
1429,62635.953038401516,15.873318139257306,62.470434418026606,-5.633381101277783,109.24809767453665,r_57,r,greedy r,WFD (greedy)
1433,62639.95170501253,22.27899859401993,59.43165608148647,-40.32830979006616,149.39369472695543,r_57,r,greedy r,WFD (greedy)
1434,62640.95141103862,28.523054481493855,59.18088883417394,-34.541949405858205,148.88090677237076,r_57,r,greedy r,WFD (greedy)
1435,62641.95114485948,4.797681763924117,70.16271204225538,58.16264303613277,35.968944752114616,r_57,r,greedy r,WFD (greedy)
1436,62642.95110093072,300.7979579085066,32.072085167803266,-33.73757112117845,75.2927420887653,i_39,i,"twilight_near_sun, 0",twilight
1437,62643.950535403565,8.247208753701672,69.39167027680418,3.0272324368805954,94.12375999637338,r_57,r,greedy r,WFD (greedy)
1438,62644.950362826836,2.202750230470578,65.45283858730053,53.225681806715784,38.610657445918974,r_57,r,greedy r,WFD (greedy)
1439,62645.950154061415,23.544967361334212,70.69462814606779,58.45184843963577,52.178312801187836,r_57,r,greedy r,WFD (greedy)
1440,62646.95030648167,283.04665208739584,33.627060686739874,-31.75323055081432,63.659377595738874,z_20,z,"twilight_near_sun, 0",twilight
1441,62647.9497391162,16.216727440089,65.74417986972568,-53.14422794788107,157.15336679151557,r_57,r,greedy r,WFD (greedy)
1442,62648.949518120375,19.7368826243618,68.44562061143878,-40.447385008855825,147.61794963469518,r_57,r,greedy r,WFD (greedy)
1443,62649.94938947808,19.74514608230172,65.39144590019806,-51.43351717197544,158.48530333713916,r_57,r,greedy r,WFD (greedy)
1444,62650.949536381944,293.7158617525797,33.11869883869592,-36.62776786263,74.18358379485164,r_57,r,"twilight_near_sun, 0",twilight
1445,62651.94901053687,351.91828381805385,74.17828112422812,9.585656524126698,73.13693057643337,r_57,r,greedy r,WFD (greedy)
1446,62652.94897600344,1.5746797828484065,73.82495690499657,50.8504821877221,40.493665915867936,r_57,r,greedy r,WFD (greedy)
1447,62653.94886189251,0.7765290051805308,60.93497638632995,5.251669391431871,85.36521737105726,r_57,r,greedy r,WFD (greedy)
1448,62654.949115957796,289.8318973395381,32.85802192895787,15.04483050543447,20.409812409198395,z_20,z,"twilight_near_sun, 0",twilight
1449,62655.94867085109,1.2050271024847574,65.110509074767,-34.84293734113546,125.84000039789183,r_57,r,greedy r,WFD (greedy)
1451,62658.08806795848,102.78252560962324,43.60088566522878,-5.350099138774504,170.08642718253947,r_57,r,DD: RGES_onseason,DDF
1452,62658.94891366164,287.4696894088999,32.71652642022557,43.603839570362176,350.6253241434848,r_57,r,"twilight_near_sun, 0",twilight
1453,62659.948678177156,45.729278425653895,61.606458709948406,54.62608555497807,74.1718731097145,r_57,r,greedy r,WFD (greedy)
1454,62660.94863609041,40.900432127312506,46.50747901906464,-17.697035848136608,142.326732565818,r_57,r,greedy r,WFD (greedy)
1456,62662.94881480191,300.187460473638,31.544628692842466,-32.87804659001961,74.05295213035222,z_20,z,"twilight_near_sun, 0",twilight
1457,62664.08804995642,100.80687391976177,48.65969819443776,21.038874223586774,145.18498722151534,r_57,r,DD: RGES_onseason,DDF
1458,62664.94864979164,350.68634819400086,63.48420147174391,54.277105340105244,27.629897538219506,r_57,r,greedy r,WFD (greedy)
1459,62665.948628832935,11.393023766947241,70.67228676889899,-13.270904962109192,113.28095815549568,r_57,r,greedy r,WFD (greedy)
1460,62666.94906396285,294.590697280717,32.027922249136914,32.45729695919833,5.577938937358215,z_20,z,"twilight_near_sun, 0",twilight
1461,62667.94931381331,87.56834317932206,39.01106195857289,5.094502073015743,149.38895491087968,r_57,r,greedy r,WFD (greedy)
1462,62669.087719365896,355.26961650490784,80.93966487017273,-34.96694093746969,120.71651421272392,z_20,z,"pair_33, zy, bs 52, a",WFD (pairs)
1463,62670.08849441504,99.06840579744409,53.68769911202876,-11.751622905392505,179.48233719692635,r_57,r,DD: RGES_onseason,DDF
1465,62671.94940660878,41.69920419385563,51.95496305198766,21.382759756004248,103.761934068322,r_57,r,greedy r,WFD (greedy)
1466,62672.9497873394,287.9133042446876,73.76241776826036,-8.089362129924465,33.75602186610555,r_57,r,greedy r,WFD (greedy)
1467,62673.9500309098,84.17884440290588,42.98007847618985,-32.2873863034856,185.93757549519688,r_57,r,greedy r,WFD (greedy)
1468,62674.950022827434,298.5321360477204,33.53063382894993,26.63330873156401,13.726770717550503,z_20,z,"twilight_near_sun, 0",twilight
1469,62675.95003472174,320.180586064914,75.31655597831094,-39.04549717386952,93.31320764537503,r_57,r,greedy r,WFD (greedy)
1470,62676.95012118956,20.4165604322147,68.31284440567806,53.60560222525425,54.23333122904289,r_57,r,greedy r,WFD (greedy)
1471,62678.08928475143,343.7479862170213,43.79065141487778,-36.88885118835535,112.54906548862125,r_57,r,"ToO, neutrino, r, 686, i2, 428",ToO
1472,62679.08724287044,343.42558620207444,43.72995255093082,-46.56171312454272,121.93680011714855,r_57,r,"ToO, neutrino, r, 686, i5, 434",ToO
1474,62680.950916844085,351.56742915291943,63.841012834557404,3.2419285241702887,79.47379454902051,r_57,r,greedy r,WFD (greedy)
1476,62682.95166834541,299.8676313661988,31.64130575589673,-7.572790737278911,48.61054737364793,i_39,i,"twilight_near_sun, 0",twilight
1477,62683.951790503415,38.84302713908563,35.870180188747696,59.87847143080193,64.27355999087156,r_57,r,"ToO, neutrino, r, 686, i7, 439",ToO
1478,62684.95200668373,40.48098165179461,63.506710568325694,-0.7184130097877276,125.41126665183825,r_57,r,greedy r,WFD (greedy)
1508,62714.96165075292,20.47865810955449,43.771183963770824,-33.50632960231621,141.7824190214019,r_57,r,greedy r,WFD (greedy)
1510,62717.32058176355,62.656760991585614,45.693323807454796,3.4494619461352953,136.80555574710922,r_57,r,"DD:XMM_LSS, 20300801, 8, 103953",DDF
1511,62717.96298459016,74.32421877859593,46.6841165117837,-35.86724389427414,184.25884284823388,r_57,r,"ToO, neutrino, r, 695, i5, 452",ToO
1512,62718.963344890144,284.962438066341,32.3373332454388,15.203068688885475,17.923671676182877,z_20,z,"twilight_near_sun, 0",twilight
1513,62719.96336766019,22.469544072102114,51.694349506376206,30.431619521710513,79.10494645915159,r_57,r,greedy r,WFD (greedy)
1514,62720.96375374017,356.8344310270735,45.92079097079443,48.00412108963157,39.316793159382904,r_57,r,greedy r,WFD (greedy)
1515,62721.964029156836,345.8339529429193,59.06031047306277,-26.441484451966843,104.36079692827872,r_57,r,greedy r,WFD (greedy)
1516,62722.964870971475,269.1576868723041,31.58849854522324,-46.834846093055816,72.87498854221121,i_39,i,"twilight_near_sun, 0",twilight
1517,62723.964744742385,19.08638247613276,56.15246049524349,55.59167373663278,50.98615128336458,r_57,r,greedy r,WFD (greedy)
1518,62724.965070098755,17.435447415966884,60.32215359498016,-40.4768662139723,145.64220924806617,r_57,r,greedy r,WFD (greedy)
1519,62725.96573086898,66.76686804110355,53.91419413914832,-35.87417135874661,180.27142440675544,r_57,r,"ToO, neutrino, r, 695, i7, 457",ToO
1520,62726.96620565379,277.26344508063596,33.60538907847734,-25.092186988488468,54.35317554125775,z_20,z,"twilight_near_sun, 0",twilight
1521,62727.96616340064,32.85304864278981,54.24957305172406,4.289303552613392,113.82980674322778,r_57,r,greedy r,WFD (greedy)
1523,62729.96680597192,7.973936143965902,61.36003401910613,32.3019426853433,64.74256495653117,r_57,r,greedy r,WFD (greedy)
1524,62730.96756308231,281.7163613255199,33.36528834709201,24.977767775378595,6.489303396548245,i_39,i,"twilight_near_sun, 0",twilight
1526,62732.96807025118,306.8040540739203,74.7728454587712,-16.345196661122806,58.89515069303435,r_57,r,greedy r,WFD (greedy)
1527,62733.968229032405,30.36295884269337,59.157801539072295,-1.706117666396061,117.80415691431196,r_57,r,greedy r,WFD (greedy)
1528,62734.96893078528,284.65181035021146,33.541335121770345,-42.27013146419076,75.20685544010067,r_57,r,"twilight_near_sun, 0",twilight
1529,62735.968892761855,3.7781088726577514,61.16408470680883,-26.157800353549902,119.58535424004813,r_57,r,greedy r,WFD (greedy)
1530,62736.96925117798,348.99206015918776,59.47633381000765,-22.075513924726625,102.73699331136362,r_57,r,greedy r,WFD (greedy)
1532,62738.97034797692,281.4174090085925,31.57129553703619,6.055031676573292,25.48102191226439,z_20,z,"twilight_near_sun, 0",twilight
1535,62742.09582781482,264.5263177834692,62.354464697279724,22.563377130618424,348.22442932808354,r_57,r,DD: RGES_offseason,DDF
1536,62742.9717977046,274.67345591511895,33.14294461965146,33.854080125304016,354.329816797284,r_57,r,"twilight_near_sun, 0",twilight
1539,62745.97271147167,67.3150917246603,39.47011409618408,-5.976346113836417,149.11620898284016,r_57,r,greedy r,WFD (greedy)
1540,62746.97339504082,249.91396432185806,29.021980674320893,38.324279302623374,341.7935875777455,i_39,i,"twilight_near_sun, 0",twilight
1541,62747.97317356548,13.764214817961046,47.6577856392692,-30.41462398828956,132.68204404120462,r_57,r,greedy r,WFD (greedy)
1542,62748.9734858589,27.54605716211707,54.86678116234958,-15.929581188701418,129.6582698949611,r_57,r,greedy r,WFD (greedy)
1545,62752.19686581373,133.33827563125973,67.60302912607091,-44.52506287479339,254.03725933611273,y_10,y,"DD:ELAISS1, 20300905, 0, 23963",DDF
1546,62752.97491010822,341.66100419913494,56.48025179211479,-30.249836645794748,104.6380736843935,r_57,r,greedy r,WFD (greedy)
1547,62753.97548850756,57.659491462954996,66.52104413630188,30.79718128334655,108.8185568108334,r_57,r,greedy r,WFD (greedy)
1549,62756.097994922886,259.7734019722956,50.1975688529774,44.34356116286969,329.3914875632945,r_57,r,DD: RGES_offseason,DDF
1551,62757.97690131837,50.25366731239501,61.21968812673404,-6.765347558974277,139.35398127501492,r_57,r,greedy r,WFD (greedy)
1552,62758.97756085017,273.3457892596017,31.88676482404568,-23.602342749485555,51.48590952759472,i_39,i,"twilight_near_sun, 0",twilight
1553,62759.97740786681,8.199945780616044,70.95185390591861,-14.115252029185575,111.50957427119015,r_57,r,greedy r,WFD (greedy)
1554,62760.97785240133,16.65612215167222,59.80268639114037,-30.738567921555266,135.24409920464348,r_57,r,greedy r,WFD (greedy)
1555,62761.97829851256,34.90503639909556,51.442491319643004,32.189807640117884,87.62401208901537,r_57,r,greedy r,WFD (greedy)
1556,62762.97914861582,265.7047978357466,33.351772984532325,51.6046826493406,332.6011957360403,z_20,z,"twilight_near_sun, 0",twilight
1557,62763.97910092204,37.903155627663295,50.39848965952073,0.30810601733216353,121.92813471333979,r_57,r,greedy r,WFD (greedy)
1558,62764.97955655594,45.60050807186017,47.437484058252835,17.593147725630498,110.68440467402446,r_57,r,greedy r,WFD (greedy)
1559,62765.9798242745,29.41461125167112,70.59243917750815,45.31334102641513,70.66427036786618,r_57,r,greedy r,WFD (greedy)
1560,62766.98071853849,268.3111086280072,33.42163613460822,59.897705090455176,325.43202376291555,r_57,r,"twilight_near_sun, 0",twilight
1562,62768.981071525755,31.95754896627126,63.8330997584402,47.65750090995652,69.9512352658794,r_57,r,greedy r,WFD (greedy)
1564,62771.29807370886,233.2936512285443,60.86058000404178,-53.834243499218765,37.25983742442198,u_24,u,"DD:ELAISS1, 20300925, 0, 23781",DDF
1565,62772.3203218033,235.55132709411058,54.41279617056573,-45.480330841876594,37.124537715896224,r_57,r,"DD:ELAISS1, 20300927, 3, 24651",DDF
1566,62772.98274012156,339.4780042315455,62.46582604403831,-49.22338653597374,121.71648986817158,r_57,r,greedy r,WFD (greedy)
1567,62773.9832031879,8.144757063826962,61.94200423402945,-57.10176116178482,154.29414921480145,r_57,r,greedy r,WFD (greedy)
1570,62776.98467288207,47.353643502271396,49.618080101939945,-10.735866892498638,140.2902353632559,r_57,r,greedy r,WFD (greedy)
1573,62779.98616617163,60.30834158565985,36.7588324524713,40.55583846951216,98.18103167839624,r_57,r,greedy r,WFD (greedy)
1574,62780.986536646196,314.6965766666562,72.63883039754667,-45.73791082992222,95.8500916494199,r_57,r,greedy r,WFD (greedy)
1580,62787.29365783429,236.35258290063985,50.68260516100859,31.480244861736864,324.42360623118236,y_10,y,"DD:ELAISS1, 20301012, 0, 23991",DDF
1581,62787.98992555587,32.39037292092652,55.044411356759944,-21.682349842885234,139.3455241919405,r_57,r,greedy r,WFD (greedy)
1582,62788.99049741407,38.06406130343795,50.83779451196598,-11.338533389801029,133.62940561649287,r_57,r,greedy r,WFD (greedy)
1583,62789.990876753385,354.69302401105534,73.8400964770262,-25.995577127659427,111.40837136269833,r_57,r,greedy r,WFD (greedy)
1584,62790.99207705421,257.0569815442167,33.33456175204082,12.811537605070466,7.854048040201521,i_39,i,"twilight_near_sun, 0",twilight
1585,62791.992047989355,23.268638572176858,62.432796603894865,53.50311661918401,56.62042665644389,r_57,r,greedy r,WFD (greedy)
1586,62793.18793866708,216.5150945353214,72.0368924363916,-26.92799940461134,342.3962777236117,y_10,y,"DD:ELAISS1, 20301018, 0, 23997",DDF
1587,62793.99312832178,23.605985564482957,63.80569033407256,7.739293659200395,102.71059371813179,r_57,r,greedy r,WFD (greedy)
1588,62794.994328364315,254.96320284226917,33.04502013817276,-24.387333008142345,44.35588062335886,z_20,z,"twilight_near_sun, 0",twilight
1589,62795.994332687085,23.873753583524916,53.50050914211384,-38.99736588647968,149.59024149867943,r_57,r,greedy r,WFD (greedy)
1590,62796.99524261618,287.68716955826096,71.95709382947841,-35.83960847326749,62.236648266551015,r_57,r,greedy r,WFD (greedy)
1591,62797.9955296863,34.175575540527866,52.62001369943268,-52.54884188944788,171.65648185910402,r_57,r,greedy r,WFD (greedy)
1592,62798.9966595771,257.5567406726795,32.44313130003225,53.99849024824971,327.27571858880316,i_39,i,"twilight_near_sun, 0",twilight
1593,62799.99693576053,300.77204487305823,60.69258999072089,-11.01701834770113,51.58791615691758,r_57,r,"ToO, neutrino, r, 718, i2, 482",ToO
1594,62800.997559154035,299.24749855722706,59.78707710374556,40.699672276666774,358.8175202809501,r_57,r,"ToO, neutrino, r, 718, i5, 488",ToO
1595,62801.99783575061,356.95361097042235,72.11613858123872,23.37420738507252,64.03676191687883,r_57,r,greedy r,WFD (greedy)
1598,62804.99976320454,348.7689465686582,66.30407325041479,38.6603056902254,41.68435644150549,r_57,r,greedy r,WFD (greedy)
1599,62806.00090908073,86.6744055532435,68.68683605419407,-28.59857967481249,193.70132114292696,r_57,r,greedy r,WFD (greedy)
1601,62808.00175729688,28.593974588607047,56.93802145656765,-42.597017976570115,157.0581555988073,r_57,r,greedy r,WFD (greedy)
1602,62809.00274667403,289.19913877626436,52.09398893845835,21.743588977932422,11.603423674607024,r_57,r,"ToO, neutrino, r, 718, i7, 493",ToO
1603,62810.003444624715,285.0232228877425,72.06623347066554,38.49256598672499,345.4504831766743,r_57,r,greedy r,WFD (greedy)
1604,62811.004414383315,245.08443611258946,33.42103831354729,-31.716925880511464,47.62028619142466,r_57,r,"twilight_near_sun, 0",twilight
1606,62813.00510217418,10.555922271280371,70.79259767424682,56.979458501385146,42.364177380151865,r_57,r,greedy r,WFD (greedy)
1607,62814.00576784285,3.3471422631126346,57.86549133092068,-27.433515029996705,120.38175029587735,r_57,r,greedy r,WFD (greedy)
1608,62815.00714797565,242.0306174476908,33.457304376532115,-8.357055702902862,23.05452911539112,r_57,r,"twilight_near_sun, 0",twilight
1609,62816.0070500193,1.8054295663673,72.93796459535501,-6.51495143971709,98.17091338852053,r_57,r,greedy r,WFD (greedy)
1610,62817.008120991384,66.02134006486828,63.14211102041063,-29.659269154657014,175.2161018401726,r_57,r,greedy r,WFD (greedy)
1611,62818.00848841523,19.263807793139822,62.88007612895207,33.90258710813978,72.72799136623051,r_57,r,greedy r,WFD (greedy)
1612,62819.0099282476,239.55673879837255,32.70548815192403,32.66785050163261,341.6866441940337,z_20,z,"twilight_near_sun, 0",twilight
1613,62820.00992558657,332.55417195974445,55.01370720550849,-13.810397495508866,80.41983905263595,r_57,r,greedy r,WFD (greedy)
1618,62825.01348140635,39.015362496463,44.61194267321557,59.571869395333835,63.60366364267735,r_57,r,greedy r,WFD (greedy)
1619,62826.014131573764,329.0503322719216,72.7463972903521,-53.891502119709095,116.53351832755672,r_57,r,greedy r,WFD (greedy)
1620,62827.01551734231,238.03770387961345,33.109606086406394,-34.98630761022111,48.43563508446063,r_57,r,"twilight_near_sun, 0",twilight
1621,62828.01551380366,24.587103981759903,52.23597653016844,2.7603872248869554,108.34650822985681,r_57,r,greedy r,WFD (greedy)
1622,62829.01612453993,345.3774610675072,71.60113597649958,38.65064139069104,38.46959700015975,r_57,r,greedy r,WFD (greedy)
1623,62830.01686171535,332.85145316825,59.361933512733344,-48.44375889811138,115.24963234048924,r_57,r,greedy r,WFD (greedy)
1624,62831.018377686974,223.91405770319696,31.362889101486992,-12.557188684492168,22.904278034038967,i_39,i,"twilight_near_sun, 0",twilight
1626,62833.019098631776,55.10974762854446,69.43945583478204,-15.253828555262142,153.12110225499913,r_57,r,greedy r,WFD (greedy)
1627,62834.01950865421,355.44988220964063,67.1046655528547,-36.22178949065823,122.25180327557645,r_57,r,greedy r,WFD (greedy)
1629,62836.02082740099,1.2890926757142793,64.41115714388283,-9.839010660429002,100.93457727730278,r_57,r,greedy r,WFD (greedy)
1635,62842.02493481221,286.58346535490733,72.44952127221126,-9.796840209610588,34.86392359114877,r_57,r,greedy r,WFD (greedy)
1637,62844.02609520865,284.6748192688741,69.32163666007979,51.43909379728446,333.1806154652862,r_57,r,greedy r,WFD (greedy)
1638,62845.0264616815,309.51416718821883,73.43879172235695,-29.33210801353206,74.49049381787567,r_57,r,greedy r,WFD (greedy)
1639,62846.125121868834,168.31021431669518,70.91957485673765,43.779893357218,210.5816830484514,r_57,r,"DD:EDFS_a, 20301210, 1, 42541",DDF
1640,62847.02807985715,236.73102876929727,33.23133158320175,30.611037736857202,342.19577000484963,z_20,z,"twilight_near_sun, 0",twilight
1641,62848.02819219452,71.9165690802017,65.98222955045048,-48.429768257862165,199.57840666350896,r_57,r,greedy r,WFD (greedy)
1642,62849.02849804349,47.85318635827347,68.96210941341351,-3.5114318879407116,134.98219534021848,r_57,r,greedy r,WFD (greedy)
1643,62850.029287070116,272.88850867241285,41.22681481182286,-35.70874851806961,61.08145653541928,r_57,r,"ToO, neutrino, r, 739, i2, 555",ToO
1644,62851.02975425451,272.2684266147384,40.231092426368896,-37.539702492380904,62.85319277470044,r_57,r,"ToO, neutrino, r, 739, i5, 561",ToO
1645,62852.029716114674,336.24267632188173,73.01570897331064,-2.9376558502765477,71.81061046679416,r_57,r,greedy r,WFD (greedy)
1647,62854.03098884608,81.79392137443931,69.98296748589632,35.18879472771973,126.03206971690288,r_57,r,greedy r,WFD (greedy)
1648,62855.03179856819,224.01775695357793,30.447183972754885,48.94329766294158,322.54239215252903,z_20,z,"twilight_near_sun, 0",twilight
1649,62856.0314340625,5.429940314146611,40.52787386724572,36.750679231737216,58.105396066263125,r_57,r,greedy r,WFD (greedy)
1651,62858.03216707706,314.20649813142376,70.64449286237564,-26.127285226277362,75.96584066225573,r_57,r,greedy r,WFD (greedy)
1652,62859.03307216719,236.32545308036856,33.58585462828245,-29.377990495244674,41.67087704843398,r_57,r,"twilight_near_sun, 0",twilight
1653,62860.03263143671,332.61831172813936,74.14263433997144,-42.39307122048136,107.90315986651483,r_57,r,greedy r,WFD (greedy)
1654,62861.03302415792,45.679753007004436,71.67294735593839,53.662588481848616,76.40144117251907,r_57,r,greedy r,WFD (greedy)
1655,62862.03324130293,37.20074930826527,40.07645045542988,-11.519279085888227,133.58946936764318,r_57,r,greedy r,WFD (greedy)
1656,62863.03422938514,220.47134473800347,32.26556196032124,-33.01334199364334,40.85047900105825,z_20,z,"twilight_near_sun, 0",twilight
1657,62864.033672861086,320.1156502966735,70.89429282445134,42.61756428278511,12.307104015180963,r_57,r,greedy r,WFD (greedy)
1658,62865.03402755583,63.91065137700081,27.198276828912945,-12.095668674341642,153.2191110884276,r_57,r,"ToO, neutrino, r, 742, i2, 573",ToO
1659,62866.03418052338,63.17717497144412,28.00254066020377,-55.77824790935006,196.44976376094505,r_57,r,"ToO, neutrino, r, 742, i5, 579",ToO
1660,62867.034806120544,233.8625772098015,33.509385170641934,-40.52638636286488,51.90437169913125,i_39,i,"twilight_near_sun, 0",twilight
1661,62868.03433225219,50.87326188402754,67.7826998192873,16.96014474027998,116.83484155915316,r_57,r,greedy r,WFD (greedy)
1662,62869.0345207624,63.45835582639106,66.15589509368967,33.97628122280824,110.08985188210515,r_57,r,greedy r,WFD (greedy)
1663,62870.03432560296,332.4193494237588,74.38305443002295,-33.34220819282679,98.61793198027034,r_57,r,greedy r,WFD (greedy)
1664,62871.03459928088,59.404904623016755,31.848364030680276,50.132196432047124,88.10841059604958,r_57,r,"ToO, neutrino, r, 742, i7, 584",ToO
1665,62872.034492910425,318.5182725743732,70.32820745293155,43.037312679314525,10.563294023230112,r_57,r,greedy r,WFD (greedy)
1666,62873.03455286386,51.414776445902056,69.60146728641362,42.08215874299646,92.53071106488744,r_57,r,greedy r,WFD (greedy)
1667,62874.03449531946,314.47135274574157,72.34329890779378,-31.732003722439046,81.42477462693137,r_57,r,greedy r,WFD (greedy)
1668,62875.035073064944,232.22363671233498,32.71133439510722,-53.908714467988354,65.43089223082063,i_39,i,"twilight_near_sun, 0",twilight
1669,62876.03431888866,12.37994122906925,42.041455215055564,44.47734119616514,56.51984913269275,r_57,r,greedy r,WFD (greedy)
1670,62877.0342397289,319.6728572042008,72.58338363698519,-22.29464754386647,76.5179623007976,r_57,r,greedy r,WFD (greedy)
1671,62878.034162095755,47.49847418649266,70.82683421084344,14.66275636811059,116.7958532506669,r_57,r,greedy r,WFD (greedy)
1672,62879.284357609366,269.7820856532101,53.4040720035347,30.958108734408608,347.8736251883869,r_57,r,greedy r,WFD (greedy)
1673,62880.21487265661,254.13509428606474,32.628516144327776,-14.869504151352332,34.38044963798415,r_57,r,"DD:ECDFS, 20310113, 0, 34163",DDF
1674,62881.03356557342,328.9019799695925,72.97792553038448,34.82583151979159,27.478702600158332,r_57,r,greedy r,WFD (greedy)
1676,62883.03386887145,232.1511356539308,33.2834840592871,27.41941928984562,343.4612129130151,r_57,r,"twilight_near_sun, 0",twilight
1677,62884.03317761887,71.08329921236256,59.00985809288934,-7.065420273317964,155.45237268349194,r_57,r,greedy r,WFD (greedy)
1678,62885.13873651915,261.8072420349074,51.69022879790434,-33.76136367890966,47.76302828543203,u_24,u,"DD:ECDFS, 20310118, 0, 33247",DDF
1679,62886.03236453263,323.18852207157016,73.27644485870411,4.329277108197001,52.866225056744995,r_57,r,greedy r,WFD (greedy)
1680,62887.13158372246,262.3257076208811,52.32945792728338,-53.25687317900545,67.29472112026545,u_24,u,"DD:ECDFS, 20310120, 0, 33253",DDF
1681,62888.13438558886,261.5729217092941,50.610450213029864,45.64345090126799,328.7528607968848,r_57,r,"DD:ECDFS, 20310121, 3, 34179",DDF
1682,62889.03134035952,326.98668359768476,74.17024720635355,31.048179976008804,29.376889061206995,r_57,r,greedy r,WFD (greedy)
1683,62890.03083803749,358.4598038955745,71.55276425957312,-24.309811991700567,112.79201185648189,r_57,r,greedy r,WFD (greedy)
1684,62891.031242301964,239.6028232143354,32.96042659266733,-45.8508479347398,59.814990976162136,i_39,i,"twilight_near_sun, 0",twilight
1685,62892.0300927521,7.301677008777568,61.75253073534255,-30.700005064820793,126.8451892052616,r_57,r,greedy r,WFD (greedy)
1686,62893.030012478346,70.42864939588583,40.4754245678729,0.3638083330868427,144.42354453723908,r_57,r,greedy r,WFD (greedy)
1687,62894.21059375555,228.62850430725462,33.773652388769925,26.361119327354047,342.3085026113387,r_57,r,"DD:EDFS_a, 20310127, 2, 42629",DDF
1688,62895.029390022,252.41080312303686,32.57663994318306,9.938715572588873,9.08771434707634,z_20,z,"twilight_near_sun, 0",twilight
1689,62896.02836234646,6.25717517884939,45.073520734297915,-12.161855177254386,107.56873388001783,r_57,r,greedy r,WFD (greedy)
1690,62897.02806020644,297.47312096929903,63.58968986747547,34.79362420251882,2.241229227320668,r_57,r,greedy r,WFD (greedy)
1691,62898.02739189537,317.4079658862542,72.33762965495681,50.403471892113785,1.8300683305733958,r_57,r,greedy r,WFD (greedy)
1692,62899.02747906799,235.88609592428344,32.45231621036623,-30.40500950749198,43.41686510840844,i_39,i,"twilight_near_sun, 0",twilight
1693,62900.02636708891,309.2002387981945,67.36215424545756,28.92750637148097,17.115540434073427,r_57,r,greedy r,WFD (greedy)
1694,62901.02592019088,293.3751894264231,60.37371735272178,21.632494478434623,12.836508927398729,r_57,r,greedy r,WFD (greedy)
1695,62902.025034708335,333.5382605600217,73.15380279352615,3.8520344896450363,62.50391582075566,r_57,r,greedy r,WFD (greedy)
1696,62903.0250699024,250.44329270291874,32.240207356107376,-37.37845792263321,55.82693720372398,i_39,i,"twilight_near_sun, 0",twilight
1697,62904.02396779695,346.97945279233403,33.37807802570387,35.77031435440614,41.63366291229123,r_57,r,greedy r,WFD (greedy)
1698,62905.023246530734,327.5083133460671,73.78986427000847,56.29051055006947,4.633450602687449,r_57,r,greedy r,WFD (greedy)
1699,62906.02278735439,57.80281073161562,68.99763698777969,26.921989638372395,113.0406830488685,r_57,r,greedy r,WFD (greedy)
1701,62908.02139856449,41.15959876185618,30.905284903297417,58.321744161224416,68.08951787290633,r_57,r,"ToO, neutrino, r, 753, i2, 591",ToO
1702,62909.02074538697,51.81107661006152,69.3945835710623,-17.337057350762137,152.23141701694573,r_57,r,greedy r,WFD (greedy)
1703,62910.020184887886,292.9609281641166,73.02058234347649,16.977421790113425,13.40200637614452,r_57,r,greedy r,WFD (greedy)
1704,62911.019872047895,242.24111929570432,31.59796904792959,-3.159968254415961,19.06776326310409,z_20,z,"twilight_near_sun, 0",twilight
1705,62912.0186955812,58.22478898676286,46.292992803946404,58.561322855587285,78.61611172933235,r_57,r,greedy r,WFD (greedy)
1706,62913.017838655804,9.9411987167357,41.21999250465792,-48.35937396193457,147.19422739349812,r_57,r,greedy r,WFD (greedy)
1707,62914.017151575456,37.111529708771975,33.29294979564998,-10.259803972881839,133.20688423528088,u_24,u,"ToO, neutrino, u, 753, i0, 586",ToO
1710,62917.015141955955,282.7295351127602,75.22057778468456,34.75544037102907,345.41559746687926,r_57,r,"ToO, neutrino, r, 756, i2, 574",ToO
1711,62918.125656715805,260.0676476768034,40.12038728766387,-14.237717003092808,32.831122356283245,r_57,r,"ToO, neutrino, r, 756, i5, 580",ToO
1712,62919.0139009054,243.06362184474298,33.16978527950378,57.54766535939407,317.4788806602796,z_20,z,"twilight_near_sun, 0",twilight
1713,62920.01250195235,323.6147814971636,72.65620847398972,46.84368690474153,10.787530335276411,r_57,r,greedy r,WFD (greedy)
1714,62921.011612189024,336.8101705758153,74.71483714876373,-22.68483738078922,91.77451577509184,r_57,r,greedy r,WFD (greedy)
1715,62922.010885527656,326.8581700843679,72.43454191600193,33.278072401598486,27.245447447355573,r_57,r,greedy r,WFD (greedy)
1716,62923.01044713802,278.360981816589,71.63722099816772,-19.4911274989093,37.32336653595863,r_57,r,"ToO, neutrino, r, 756, i7, 585",ToO
1717,62924.009267488305,35.237598349066424,52.92261590599335,13.18757650945578,106.55285248304068,r_57,r,greedy r,WFD (greedy)
1718,62925.00846455057,324.5736582270976,73.37344767040884,19.86566905323705,38.501517135766036,r_57,r,greedy r,WFD (greedy)
1719,62926.00756380643,334.61540099536234,74.14682125772869,40.615983017635195,26.574123621735943,r_57,r,greedy r,WFD (greedy)
1720,62927.00733751923,255.14853408202407,33.37381273357235,-57.11756845556353,76.72838439283242,r_57,r,"twilight_near_sun, 0",twilight
1721,62928.006075162506,311.0824526197697,71.71496412627106,-33.043279494364754,79.81457287289528,r_57,r,greedy r,WFD (greedy)
1722,62929.00514933511,326.11961496983247,43.59000164418105,25.762458166566514,34.80391151502182,r_57,r,greedy r,WFD (greedy)
1723,62930.00443286991,305.53334763257925,74.32722429634333,8.127013221810051,33.07557553629873,r_57,r,greedy r,WFD (greedy)
1724,62931.00389644308,264.51514904095825,32.83017611169988,-0.564812300586549,24.22817175503894,i_39,i,"twilight_near_sun, 0",twilight
1726,62933.00168159787,21.467662552416236,54.89998722779291,-17.672371142528498,125.95990426011943,r_57,r,greedy r,WFD (greedy)
1727,62934.00091092103,348.1095356837915,39.960128223052884,44.179929295224426,34.787472187265465,r_57,r,greedy r,WFD (greedy)
1728,62935.000482586496,262.8819938143481,32.37687611887739,-56.3445705012106,79.48472368848995,i_39,i,"twilight_near_sun, 0",twilight
1729,62935.99907064631,26.60749134604281,59.94918859835616,-11.810069211216588,124.43716152321801,r_57,r,greedy r,WFD (greedy)
1730,62936.9982241399,28.42312112364441,62.147650758544096,54.06336694157866,60.15817110083477,r_57,r,greedy r,WFD (greedy)
1731,62937.99736003691,29.075528168287804,56.87501331122673,-53.34455143965224,168.00852558364474,r_57,r,greedy r,WFD (greedy)
1732,62938.99699335492,266.7115860658818,31.561120380141954,29.915406138060167,355.0387312169911,z_20,z,"twilight_near_sun, 0",twilight
1733,62939.99562898179,22.39075027059682,56.02484975984826,-28.524599776511458,137.58298033859992,r_57,r,greedy r,WFD (greedy)
1734,62940.99477807971,3.0120385920542456,53.24220370013982,44.528090056521876,47.917886979874325,r_57,r,greedy r,WFD (greedy)
1735,62941.99399631384,13.21634404204454,38.38063355524996,29.902347038293435,72.07984269430362,r_57,r,greedy r,WFD (greedy)
1736,62942.993525540594,266.45087117267644,30.66897677019101,46.22556966169133,338.87790703694316,i_39,i,"twilight_near_sun, 0",twilight
1737,62943.99214466673,28.08853435415336,61.483748023529394,-33.43343784819636,147.3550837225451,r_57,r,greedy r,WFD (greedy)
1738,62944.991319279005,30.182313510692012,51.845502289159334,4.237989318277652,111.41333015027686,r_57,r,greedy r,WFD (greedy)
1739,62946.21282293275,309.18007646826675,44.38812615341448,-45.42056685862638,93.25727121283069,r_57,r,"DD:COSMOS, 20310320, 3, 4724",DDF
1740,62946.990034278984,270.82870045097184,32.81409241704642,-30.570745535082526,56.91603405823882,i_39,i,"twilight_near_sun, 0",twilight
1741,62947.988674600194,25.55389068812028,65.27605664813977,-31.527391692602283,143.4489052207023,r_57,r,greedy r,WFD (greedy)
1742,62948.987856905354,11.313098991140567,57.27903433103455,-56.13034548698896,155.73043583101523,r_57,r,greedy r,WFD (greedy)
1743,62949.98699566653,25.766811424503683,66.52091665475608,55.82409535158882,56.34853449020191,r_57,r,greedy r,WFD (greedy)
1744,62950.98659830176,272.0342225254902,31.644746212443067,25.1433790113693,1.991369079388143,r_57,r,"twilight_near_sun, 0",twilight
1745,62951.985238269575,9.874950114134746,65.53594364515932,17.110528709979604,81.29488183132857,r_57,r,greedy r,WFD (greedy)
1746,62952.98444417254,356.0883695695403,56.5699784434065,29.864020932587607,56.58398464523009,r_57,r,greedy r,WFD (greedy)
1748,62954.98322245213,271.72829766421654,32.45775181007463,-2.93369372552197,29.746750564354446,z_20,z,"twilight_near_sun, 0",twilight
1749,62955.98277666832,221.14238456427387,54.9797165865734,-6.218128770975052,342.7415482825286,r_57,r,"ToO, neutrino, r, 767, i2, 592",ToO
1751,62957.981116345625,221.7012465903108,54.19567243314181,-35.98195415215793,14.038934429726716,r_57,r,"ToO, neutrino, r, 767, i5, 598",ToO
1752,62958.97995459795,266.05744708913494,33.383113097597644,46.46646976087007,337.62461591846267,i_39,i,"twilight_near_sun, 0",twilight
1753,62960.20086499659,358.1196593887766,55.44998206711498,38.16195050775944,50.247806214177665,i_39,i,"pair_33, iz, bs 52, a",WFD (pairs)
1754,62960.97776304135,1.9867000367476075,67.44880690020514,-17.134124392492076,108.70562507178086,r_57,r,greedy r,WFD (greedy)
1757,62964.20297842503,296.59164151677925,34.182755553022965,-20.95184699007949,60.23896143821899,r_57,r,"DD:COSMOS, 20310407, 0, 4760",DDF
1758,62964.9754827541,223.32926871988008,51.3532694052302,48.168131106402754,295.01008193698937,r_57,r,"ToO, neutrino, r, 767, i7, 603",ToO
1759,62965.97391011311,34.400176526375816,54.19442893310114,51.16776087409186,67.92772724515847,r_57,r,greedy r,WFD (greedy)
1764,62970.97047957879,283.3299207371879,70.13577823236028,-45.714068608167814,68.62176718070891,r_57,r,"ToO, neutrino, r, 769, i7, 621",ToO
1765,62971.969373116626,22.370288051901557,67.24254331399347,-50.532444948638606,159.83842434968918,r_57,r,greedy r,WFD (greedy)
1766,62972.9694869128,224.6323023059757,47.91915185561648,58.58782340497554,290.08042953903083,u_24,u,"ToO, neutrino, u, 767, i0, 587",ToO
1767,62974.20481081671,125.23136143359808,60.98613003164304,-51.12257253979791,246.51717391163544,r_57,r,"pair_33, gr, bs 52, a",WFD (pairs)
1772,62978.96490397098,287.4607351284975,31.97717391321847,15.66879524671097,18.576184279774363,i_39,i,"twilight_near_sun, 0",twilight
1776,62983.19872260847,102.58244414387754,43.73619145543977,-25.866142603668443,190.56212092842904,r_57,r,DD: RGES_offseason,DDF
1777,62984.08648471035,327.94793709885175,83.99675785216786,-4.144337391800747,63.70430212943676,r_57,r,"pair_33, ur, bs 44, a",WFD (pairs)
1780,62987.0861773966,288.20190867956563,85.46736883516489,-40.4927673516267,61.09625638774709,r_57,r,"pair_33, ri, bs 52, a",WFD (pairs)
1781,62987.960006121124,139.70087171471428,54.24798976097625,35.62186598317652,167.6181542073855,r_57,r,greedy r,WFD (greedy)
1782,62988.9586030859,355.6036677499893,58.062041472849785,-28.074278148528347,114.14652683873939,r_57,r,greedy r,WFD (greedy)
1783,62989.95805928689,16.61439195141057,60.52007292402152,-40.80471794577774,145.00881737396134,r_57,r,greedy r,WFD (greedy)
1784,62990.95787124067,291.8938006965808,31.74451411495074,-30.468802207082692,67.00947468251819,z_20,z,"twilight_near_sun, 0",twilight
1785,62992.08756499132,308.8935858570213,44.144279962651055,-9.466677912453594,57.0909984012367,r_57,r,"DD:COSMOS, 20310505, 0, 4812",DDF
1786,62992.956600824706,27.256391654194886,51.85471472645172,-19.77852141391924,133.08497007891253,r_57,r,greedy r,WFD (greedy)
1787,62993.95611423939,29.08694854646164,53.66717721961028,22.95432632419201,91.82904298790518,r_57,r,greedy r,WFD (greedy)
1788,62995.08792913831,305.63494417520445,42.29756859688283,43.94391442232921,1.3410895030591983,y_10,y,"DD:COSMOS, 20310508, 0, 4054",DDF
1791,62997.954351342305,21.600648806863248,53.19164390167316,-22.445522880955156,130.9738726594332,r_57,r,greedy r,WFD (greedy)
1792,62998.954246637695,289.8328563372271,31.803778689986462,-34.061557762665096,69.5199068766137,i_39,i,"twilight_near_sun, 0",twilight
1793,62999.953488777246,13.85931063542947,64.51083754268504,23.593029408016314,78.31489308908591,r_57,r,greedy r,WFD (greedy)
1797,63003.95220069926,40.43411155323944,45.765964932170554,-24.70775911818301,148.95446200526587,r_57,r,greedy r,WFD (greedy)
1798,63004.95178078997,3.214768946204748,59.85191341310725,7.266901049840199,85.42194412073918,r_57,r,greedy r,WFD (greedy)
1799,63006.07673916251,299.9166577878238,37.37485659664475,-15.486659492373425,56.87293306076447,r_57,r,"DD:COSMOS, 20310519, 3, 4836",DDF
1801,63008.083065134735,296.41433242060515,33.97549495491225,43.50154627915133,355.6764868596828,r_57,r,"DD:COSMOS, 20310521, 3, 4840",DDF
1802,63009.083704519755,295.5137265797063,33.25895250075435,-12.952231447893293,51.59502884577596,u_24,u,"DD:COSMOS, 20310522, 0, 3911",DDF
1803,63009.95039909378,14.367743842321971,63.06966464767213,24.131683701474785,78.21536204470415,r_57,r,greedy r,WFD (greedy)
1804,63010.950646030695,274.6140953997343,31.444951284824256,20.804717092341683,7.438084118921043,r_57,r,"twilight_near_sun, 0",twilight
1806,63013.08901382111,315.5981465939977,80.34788887604135,-50.060236458283946,99.024289652568,r_57,r,"pair_33, ri, bs 52, a",WFD (pairs)
1807,63013.94962583342,31.347769885346082,59.750286469808344,-5.573419700983989,122.31261427202534,r_57,r,greedy r,WFD (greedy)
1808,63014.949740222044,293.1805108351333,31.71431967434921,-10.962049509819268,48.19556839896719,r_57,r,"twilight_near_sun, 0",twilight
1809,63015.949434984635,36.059348169987885,31.70031330056919,-49.16039172455523,171.7838660133814,r_57,r,greedy r,WFD (greedy)
1811,63018.203258932765,72.94530638047935,54.988616263651316,-6.788150793798103,155.94984097522845,i_39,i,"pair_33, iz, bs 52, a",WFD (pairs)
1813,63020.19965446227,124.09910656375321,70.91642103701281,-31.891510066922553,234.39530823542736,y_10,y,"pair_33, yy, bs 52, a",WFD (pairs)
1814,63020.94872888507,3.7607233732912047,58.41703571662632,40.331521040689495,52.87214949409924,r_57,r,greedy r,WFD (greedy)
1819,63025.94863446972,26.120025277149903,40.61242931820721,14.900852824226089,98.32871971542515,r_57,r,greedy r,WFD (greedy)
1820,63027.32602058317,105.87290874644772,56.90303267339527,51.02016064030693,123.73137741192029,i_39,i,"pair_33, iz, bs 52, a",WFD (pairs)
1822,63028.94855141028,24.51790289107154,67.31479379067581,4.601451539883617,106.70023862307588,r_57,r,greedy r,WFD (greedy)
1824,63030.94896330469,295.90590916783407,33.73759875744545,28.476267965041618,10.343245683016713,z_20,z,"twilight_near_sun, 0",twilight
1826,63032.94881340214,26.863436162533404,71.00738555454564,3.2683643870206254,110.36354426461047,r_57,r,greedy r,WFD (greedy)
1827,63033.948845065584,11.332995910182051,72.06295671668113,-0.7171214051715695,100.73380179311205,r_57,r,greedy r,WFD (greedy)
1828,63034.94935302778,290.77490235193704,34.087488834318904,50.534062030830405,345.41869238554267,i_39,i,"twilight_near_sun, 0",twilight
1829,63035.94916699007,12.099838572595397,55.08601122153017,-0.018763252719768978,100.49340672199176,r_57,r,greedy r,WFD (greedy)
1830,63037.08871174414,98.39689871897431,55.15033410764814,47.585764724905395,120.44596697869814,r_57,r,DD: RGES_onseason,DDF
1832,63038.95005349611,269.66043640863836,28.51305326083745,-6.135223622229104,32.97500880063507,i_39,i,"twilight_near_sun, 0",twilight
1833,63039.94976054801,20.26239780800936,53.065349594778844,-37.54960829845871,145.06624181895563,r_57,r,greedy r,WFD (greedy)
1834,63040.94992608549,355.83414894342997,54.33225423231804,-33.287278406506026,119.6761235462532,r_57,r,greedy r,WFD (greedy)
1835,63042.08901980037,330.6513033384209,85.35543706542474,-44.35746624030805,106.36503307276104,u_24,u,"pair_33, ug, bs 52, a",WFD (pairs)
1837,63043.95064600254,50.4669019308867,58.18445469371546,-7.450490270436761,139.81906733990476,r_57,r,greedy r,WFD (greedy)
1838,63045.208598789795,274.3166394749188,80.39236169204479,-30.465878678793036,40.43256107569232,r_57,r,DD: RGES_onseason,DDF
1839,63045.95101032144,1.0525168709356028,39.83618305893857,28.535353571458124,62.46264757890186,r_57,r,greedy r,WFD (greedy)
1840,63046.951373366996,300.9444106270641,32.55663450815854,-56.104583557724816,97.84506890366201,i_39,i,"twilight_near_sun, 0",twilight
1841,63047.951292424004,356.85801740560254,70.6639299982706,9.728929312858767,77.53709124529011,r_57,r,greedy r,WFD (greedy)
1842,63048.95157281886,23.397505864384918,68.27202601345653,-40.192381590725766,150.64389953939735,r_57,r,greedy r,WFD (greedy)
1843,63049.95185991954,25.202656236431,69.81276888582624,54.28827667502315,57.844373056060896,r_57,r,greedy r,WFD (greedy)
1844,63050.95238191843,297.43161071603606,33.14788977337144,-39.90527182357259,79.62773487972657,z_20,z,"twilight_near_sun, 0",twilight
1847,63054.320626890534,114.66009471032089,74.11626968703584,16.07453669780829,178.86648728886124,i_39,i,"pair_33, iz, bs 41, a",WFD (pairs)
1849,63055.95355589016,36.56813472205212,47.5669193361104,31.81622587086973,89.4432088733283,r_57,r,greedy r,WFD (greedy)
1852,63058.95469825773,292.666821247095,31.926973752023443,0.007753922402530454,37.03715255753146,i_39,i,"twilight_near_sun, 0",twilight
1853,63059.954745492265,8.97952632841903,50.52863327250603,31.45276813060241,66.47846666619515,r_57,r,greedy r,WFD (greedy)
1854,63060.95498401134,0.5398410851168064,69.74980802921333,43.304293743399754,47.245398503242356,r_57,r,greedy r,WFD (greedy)
1855,63061.95536170832,10.648410777222596,67.57294688927234,61.08732343770513,38.28213706717717,r_57,r,greedy r,WFD (greedy)
1856,63062.95595071728,294.2998190066972,32.33549524139729,-33.11960947629415,71.07586909909439,i_39,i,"twilight_near_sun, 0",twilight
1858,63064.95624085688,10.519117810109819,72.47633283858636,-28.28087036045033,127.69269045480097,r_57,r,greedy r,WFD (greedy)
1861,63068.09557349972,335.75071172066043,83.04401462512692,62.8021400330053,4.561952126301714,r_57,r,"pair_33, gr, bs 52, a",WFD (pairs)
1862,63068.957681924105,18.60843741666375,71.61499072402468,60.366234122420906,46.16336938632467,r_57,r,greedy r,WFD (greedy)
1863,63069.95796085753,23.184992525186164,68.78920479960406,4.598249702788076,105.76199271696133,r_57,r,greedy r,WFD (greedy)
1864,63070.95827546396,14.726526366206462,69.81496649407593,18.16636123172242,84.86303973305968,r_57,r,greedy r,WFD (greedy)
1887,63093.966508312675,42.636104868877865,37.797139338143744,-36.851197552257595,163.64631242148408,r_57,r,greedy r,WFD (greedy)
1888,63094.967142915695,280.0709545004354,32.534432814350076,42.04424726436308,348.71790626080985,r_57,r,"twilight_near_sun, 0",twilight
1889,63095.96714622019,17.833831002395815,48.16048737217038,-5.721957258001739,111.48006036100743,r_57,r,greedy r,WFD (greedy)
1890,63096.967376131244,348.088457591134,70.06699983705909,-31.224538906154912,110.92815367426596,r_57,r,greedy r,WFD (greedy)
1891,63097.9678174407,5.425289266678941,52.90750762245936,31.942633785306075,62.9420706141806,r_57,r,greedy r,WFD (greedy)
1892,63098.96819173644,326.1301229319118,69.68352530814225,7.506659290681692,53.04542599492626,r_57,r,greedy r,WFD (greedy)
1894,63100.9689214023,321.57081336257596,65.9562919730515,-21.231324051542693,78.26523062427059,r_57,r,greedy r,WFD (greedy)
1895,63101.969211222546,345.8077263470375,52.8721639323423,-37.99479088455754,115.85636442116169,r_57,r,greedy r,WFD (greedy)
1896,63102.96997454995,274.37847180668336,33.830459539946716,18.670825752200535,9.225200608115275,i_39,i,"twilight_near_sun, 0",twilight
1897,63103.96992956744,352.70772063227406,48.77326376540076,-26.274679196821676,110.03430435559743,r_57,r,greedy r,WFD (greedy)
1898,63104.97026423129,349.1722706357097,50.9913413686536,-51.45609477938137,132.18394010577293,r_57,r,greedy r,WFD (greedy)
1899,63105.97087679813,292.8951489506955,71.7363800971539,-53.04411482440078,84.1435659974959,r_57,r,greedy r,WFD (greedy)
1901,63107.97164138135,283.69640541645566,70.0034031348981,-57.24022964582737,80.87447519686755,r_57,r,greedy r,WFD (greedy)
1905,63111.97294442053,64.5717531393007,51.727617064463196,-6.3050489083683265,148.7575166182121,r_57,r,greedy r,WFD (greedy)
1906,63112.97326977174,61.10188025610131,42.996852890260804,-6.545453445692308,145.88399286151196,r_57,r,greedy r,WFD (greedy)
1907,63113.97340071022,9.238083854143143,52.226738298359344,-50.575665574582764,148.78929037259746,r_57,r,greedy r,WFD (greedy)
1908,63114.97415284468,276.4837462219968,33.296289129682506,36.36193709506151,352.65972807150496,r_57,r,"twilight_near_sun, 0",twilight
1909,63115.97430486953,57.34534172166288,44.161249438453986,47.51277233145534,89.30803364784917,r_57,r,greedy r,WFD (greedy)
1910,63116.97446336953,355.09257202223995,53.51888085074215,-57.84151138313665,143.75685590884032,r_57,r,greedy r,WFD (greedy)
1911,63117.9749851851,52.43571240547944,46.39155683816621,-38.160176461607946,171.5301202517809,r_57,r,greedy r,WFD (greedy)
1912,63118.97554462111,282.46648751806794,31.8941157398475,48.56474037519522,343.48925386562104,r_57,r,"twilight_near_sun, 0",twilight
1913,63119.97543589569,0.380223583212806,73.36363631641153,7.814554974589346,82.70683347888153,r_57,r,greedy r,WFD (greedy)
1914,63120.97610049361,55.27856508589815,61.23029288408523,-41.47126024360027,178.13849188945497,r_57,r,greedy r,WFD (greedy)
1915,63121.97627131955,13.386492512668207,56.25417693241324,-34.77916590364475,136.5054703121073,r_57,r,greedy r,WFD (greedy)
1916,63122.977029093214,281.1742903288856,30.683052006362136,19.298508404646984,12.27087626139211,r_57,r,"twilight_near_sun, 0",twilight
1917,63123.97722279299,55.69014120978808,50.513558935884674,27.35365602977323,108.49905666123477,r_57,r,greedy r,WFD (greedy)
1918,63124.97753598742,47.72687200694528,68.30908989853458,12.749593992653013,118.77896315492887,r_57,r,greedy r,WFD (greedy)
1919,63125.97779238603,345.46181803052536,54.18688086333773,55.21455548657685,22.397571720857574,r_57,r,greedy r,WFD (greedy)
1920,63127.19286794121,64.51220720519592,43.93215973229524,-26.19241437141757,167.56920636350114,u_24,u,"DD:XMM_LSS, 20310916, 0, 14354",DDF
1924,63130.98039286159,245.90871605789624,29.46686692307335,-33.16820083891718,51.86354634090333,i_39,i,"twilight_near_sun, 0",twilight
1926,63133.09239006115,123.72615643888722,52.26606708333397,-2.8067076949174687,188.40905185916986,y_10,y,"DD:ELAISS1, 20310922, 0, 119339",DDF
1927,63133.98118147111,58.412330298407205,37.499227097328735,25.602621357034405,111.95832533041182,r_57,r,greedy r,WFD (greedy)
1928,63135.0930625306,255.85642169510592,40.107833758964475,-49.3741309989003,66.15503222253845,r_57,r,DD: RGES_offseason,DDF
1930,63136.982603256176,280.8560283458874,70.16110363189073,17.658107825901418,3.4400006378113392,r_57,r,greedy r,WFD (greedy)
1936,63143.09455965281,133.45018324737651,26.364644582838686,-47.4895928387392,210.59032425291855,y_10,y,"DD:EDFS_a, 20311002, 0, 43051",DDF
1937,63143.98522435573,2.3430553505513885,73.6227359332128,14.279969390843538,77.96707154425376,r_57,r,greedy r,WFD (greedy)
1938,63144.98571324408,350.49681477296497,73.18701767862751,-28.70819092753688,110.43417964075351,r_57,r,greedy r,WFD (greedy)
1939,63145.98626777862,359.80173493355386,72.03830705201015,-53.280768345061915,143.26411937585462,r_57,r,greedy r,WFD (greedy)
1946,63152.989748916676,8.96112186748147,59.5892943501055,-34.901664379340104,132.76637474503866,r_57,r,greedy r,WFD (greedy)
1947,63153.99028634303,16.013333114258348,68.76589243778842,52.77826333927252,51.34139538686039,r_57,r,greedy r,WFD (greedy)
1948,63154.99147614694,247.33903221119652,31.08066045316093,-57.8596203897246,76.087728636545,r_57,r,"twilight_near_sun, 0",twilight
1951,63157.992487898315,10.1462691643836,55.69728001655389,-57.752680818914854,156.6393965163573,r_57,r,greedy r,WFD (greedy)
1952,63158.993828781524,228.24082258768206,26.8491136853825,31.494477219445493,345.1268718079635,r_57,r,"twilight_near_sun, 0",twilight
1953,63160.1053700674,247.0114661139062,84.16368708960518,57.147852760222555,283.21223906308313,i_39,i,"pair_33, iz, bs 50, a",WFD (pairs)
1954,63160.99416007935,350.93420487407286,67.94525178362365,50.04063175164201,32.179900999479784,r_57,r,greedy r,WFD (greedy)
1955,63161.994768030796,6.151049528909033,59.441853048826125,57.391398049911885,38.030034772724775,r_57,r,greedy r,WFD (greedy)
1956,63162.995987926115,248.41804537437267,32.340097118671444,6.068763696751861,11.78880737748064,i_39,i,"twilight_near_sun, 0",twilight
1958,63165.28781802035,304.9567465040086,51.071285649718824,-33.245604401220554,77.87711134154237,y_10,y,"DD:XMM_LSS, 20311024, 0, 14581",DDF
1961,63167.99913601892,234.35976212758106,73.887197611474,-9.992389262769994,344.0797006333054,r_57,r,"ToO, neutrino, r, 835, i2, 683",ToO
1963,63169.99972894056,322.2788884493622,71.2023214288646,-40.21199424187898,97.18804011566277,r_57,r,greedy r,WFD (greedy)
1964,63171.00105421838,231.92380260519965,31.77877380091241,28.75203748114091,343.7572030246062,z_20,z,"twilight_near_sun, 0",twilight
1965,63172.00092283628,345.75571978164004,72.13230293133667,-49.399008931191936,126.90763544355904,r_57,r,greedy r,WFD (greedy)
1966,63173.00228873637,239.90346436794843,69.4734056419911,27.615757994651766,315.5236685678783,r_57,r,"ToO, neutrino, r, 835, i7, 694",ToO
1967,63174.00220344048,337.5608401910248,63.564986346633944,42.989097389013175,27.772662166407123,r_57,r,greedy r,WFD (greedy)
1968,63175.003573264024,244.18942672600272,33.163630864069425,-3.259631536696865,19.00443573755018,z_20,z,"twilight_near_sun, 0",twilight
1970,63177.004196007474,339.28356858709486,71.98854228345206,-20.933824343753155,92.72757361735324,r_57,r,greedy r,WFD (greedy)
1971,63178.004929044655,330.93887880498113,70.8615194455573,57.76837687548542,6.796044703969918,r_57,r,greedy r,WFD (greedy)
1972,63179.00627530607,243.2203599155845,63.87795123277147,28.06684744540041,322.71136568849755,u_24,u,"ToO, neutrino, u, 835, i0, 678",ToO
1973,63180.2795373614,293.5281702119914,41.963233635268026,25.176355074203613,12.098566031314917,r_57,r,"DD:XMM_LSS, 20311109, 3, 15279",DDF
1974,63181.10519669397,200.65939608945283,75.15631767465376,-47.6007059135893,342.60607444301485,u_24,u,"DD:ELAISS1, 20311109, 2, 118493",DDF
1976,63183.00903580782,242.54584335140245,31.54342863319423,-4.275047276975242,20.584595078114937,z_20,z,"twilight_near_sun, 0",twilight
1977,63184.00910149145,325.4824628719543,69.65653230889274,54.3881789519878,5.534985762652743,r_57,r,greedy r,WFD (greedy)
1978,63185.009702231866,23.837277017007885,69.65952519321812,29.10690003691609,81.77317474749236,r_57,r,greedy r,WFD (greedy)
1979,63186.010471352565,328.3767855706479,55.786195196893445,-33.361005070545865,96.51384762533682,r_57,r,greedy r,WFD (greedy)
1980,63187.01194249523,227.56442813736973,30.84132800009301,43.15167942271583,328.97635924450844,i_39,i,"twilight_near_sun, 0",twilight
1982,63189.01250210589,17.720464363524137,69.44659180044509,43.27804000038171,62.24081239198744,r_57,r,greedy r,WFD (greedy)
1983,63190.013194715684,341.2450340521968,64.37430388927659,-29.890649888083555,103.72700971632358,r_57,r,greedy r,WFD (greedy)
1984,63191.014661400404,237.40549740409514,31.050304382824585,14.286235001092201,0.7001240246893117,i_39,i,"twilight_near_sun, 0",twilight
1985,63192.01466526234,33.8784193008868,63.19975137208884,51.75749237137784,67.25181114263131,r_57,r,greedy r,WFD (greedy)
1986,63193.01549332983,51.163588631925066,65.25106521406057,-28.819314528627142,162.52088696569402,r_57,r,greedy r,WFD (greedy)
1987,63194.01656429662,260.3359536277332,72.90048235906939,23.59330672069858,337.1255400229171,r_57,r,greedy r,WFD (greedy)
1988,63195.01749375774,228.2624401286814,31.89444605489528,58.498518835744754,312.65147687158975,r_57,r,"twilight_near_sun, 0",twilight
1989,63196.01735225209,336.15918531470635,65.83739940039796,-40.797635871269385,110.18900129339829,r_57,r,greedy r,WFD (greedy)
1990,63197.01805568591,1.7331459316180666,56.52699006697007,-48.640414780340066,140.13151450314922,r_57,r,greedy r,WFD (greedy)
1991,63198.01885745171,315.2614429226196,60.69412139217761,21.69788850587569,30.47645671422533,r_57,r,greedy r,WFD (greedy)
1992,63199.02009850761,239.85756987094078,33.62404404853207,-19.164199353451956,32.875940778139665,r_57,r,"twilight_near_sun, 0",twilight
1993,63200.020188692346,314.18747676832726,57.4775958752926,-50.740701172568855,102.28561285835299,r_57,r,greedy r,WFD (greedy)
1994,63201.02064217498,18.910916398644943,66.70926693282124,-2.068697914235977,108.4493684749007,r_57,r,greedy r,WFD (greedy)
1995,63202.021302672685,339.3391362719187,72.69972192303767,31.988617036579225,39.70483219261597,r_57,r,greedy r,WFD (greedy)
1996,63203.02271616515,236.1328718822366,33.52966817643773,-25.72874938898,38.06929091241083,i_39,i,"twilight_near_sun, 0",twilight
1997,63204.022758098494,312.54431701689685,58.30814271075791,-19.093551485226445,69.24950781874391,r_57,r,greedy r,WFD (greedy)
1998,63205.02341225053,307.6186353017084,56.94468356522776,42.11721860064408,4.254334044341464,r_57,r,greedy r,WFD (greedy)
1999,63206.02375863883,357.8229600535574,68.91327391720417,3.6123508888489653,84.44588210331545,r_57,r,greedy r,WFD (greedy)
2001,63208.024947453814,6.976856130372193,67.23149787212051,-5.40675152566322,101.42918973605651,r_57,r,greedy r,WFD (greedy)
2002,63209.025582899965,8.93581725871159,66.48087442279258,55.279345988614864,42.42891106713604,r_57,r,greedy r,WFD (greedy)
2003,63210.026326055064,307.93270853551314,54.484545542786805,18.67685451656601,28.126260928563372,r_57,r,greedy r,WFD (greedy)
2004,63211.02750273144,225.55212949261673,31.47148387509526,-46.06366337873357,56.77499591519989,z_20,z,"twilight_near_sun, 0",twilight
2005,63212.02719164257,356.1442579535929,72.85424068882617,47.61009644483389,38.91192897353696,r_57,r,greedy r,WFD (greedy)
2006,63213.027658477105,18.139839303176625,71.05421010933082,-0.22129450003893314,106.10589885107929,r_57,r,greedy r,WFD (greedy)
2007,63214.02819873599,337.7988598081483,66.49143560890657,-41.923629551823296,112.62507759536243,r_57,r,greedy r,WFD (greedy)
2008,63215.029497344294,230.69927047544672,32.8801244486649,-41.63468891919371,52.51954869612038,z_20,z,"twilight_near_sun, 0",twilight
2009,63216.029151369476,337.8694548450529,66.35277511397331,23.568139277376154,47.193698571356705,r_57,r,greedy r,WFD (greedy)
2010,63217.02964076077,354.86872566239373,64.8246032437209,-53.38260916090624,138.86193151558106,r_57,r,greedy r,WFD (greedy)
2011,63218.0300422935,336.7944802097427,67.94169653824203,-24.488993692986902,94.230342328877,r_57,r,greedy r,WFD (greedy)
2012,63219.03121826564,236.76011954240536,33.2615756812544,-43.16787868780764,55.94135228779581,r_57,r,"twilight_near_sun, 0",twilight
2013,63220.03083207743,22.09431112151887,68.21828375366661,-6.230871970538962,115.37638925338221,r_57,r,greedy r,WFD (greedy)
2014,63221.03119975842,355.2654617216291,66.89644559645902,-9.236695385790313,95.02996038463279,r_57,r,greedy r,WFD (greedy)
2015,63222.03152500398,15.056004529310488,72.15042042033053,3.786125971903609,99.41775868026221,r_57,r,greedy r,WFD (greedy)
2016,63223.03270370668,234.06112545039213,33.407941496477385,-26.39608186065829,37.987891431235084,i_39,i,"twilight_near_sun, 0",twilight
2017,63224.03249173637,302.8204078842824,49.0642117581667,-55.718913225191,99.00320432582632,r_57,r,greedy r,WFD (greedy)
2018,63225.03267002696,318.0279072370041,52.75907229517041,14.297937979907102,40.374040048414486,r_57,r,greedy r,WFD (greedy)
2019,63226.03283933572,346.58461509953906,55.91707350732217,-14.455314144926184,92.79125847086088,r_57,r,greedy r,WFD (greedy)
2020,63227.0337945398,239.77410346473863,32.84677876842501,18.21786843400796,356.0080658666582,r_57,r,"twilight_near_sun, 0",twilight
2021,63228.033293537046,339.57790611066827,66.43793929629193,-45.96277554046377,118.15426482674603,r_57,r,greedy r,WFD (greedy)
2022,63229.03353896087,3.2999591446048044,62.40888873989894,-57.58141992596651,150.31859658174307,r_57,r,greedy r,WFD (greedy)
2023,63230.033631438564,14.883724521614086,70.07820787073506,-29.190760873344814,132.12191457555704,r_57,r,greedy r,WFD (greedy)
2024,63231.034584048546,239.3560526226813,32.02597583274606,-5.1636204115853,19.889652538858588,r_57,r,"twilight_near_sun, 0",twilight
2039,63246.03369668658,43.10414555581857,49.431096262100645,31.913510480955527,94.10361178069046,r_57,r,greedy r,WFD (greedy)
2040,63247.03416324467,231.3453058390103,33.354948630444255,-25.811863798653295,36.3135542978253,r_57,r,"twilight_near_sun, 0",twilight
2041,63248.03316818126,341.0599967723983,56.8254292731802,35.16001309314662,38.41846829314618,r_57,r,greedy r,WFD (greedy)
2042,63249.03292585389,340.02118081937545,56.640789879621856,16.528309328632336,56.16558275254359,r_57,r,greedy r,WFD (greedy)
2043,63250.03265232587,21.70480075172184,65.68873326432606,52.211749251234636,56.41384257954325,r_57,r,greedy r,WFD (greedy)
2044,63251.03313555614,232.81346984166726,33.49558352902568,57.72648913053806,313.18530237786496,r_57,r,"twilight_near_sun, 0",twilight
2045,63252.03234177553,296.20135837260017,53.302193768673206,-54.60509521621521,92.57728173791874,r_57,r,greedy r,WFD (greedy)
2046,63253.03191736026,308.76346075978535,50.85107488829043,-6.224867895542881,53.7197943166563,r_57,r,greedy r,WFD (greedy)
2047,63254.03149763515,318.0506207182101,48.46979305145189,6.06218356623126,48.508213829638954,r_57,r,greedy r,WFD (greedy)
2048,63255.03164983335,250.18974341694522,31.61175722204818,-42.36363795676796,61.1160997371102,z_20,z,"twilight_near_sun, 0",twilight
2049,63256.03063353529,338.50959833808344,56.85014125605742,-19.01707343272382,90.42027790954238,r_57,r,greedy r,WFD (greedy)
2051,63258.02981439027,334.062654158265,57.1356033912624,-57.44241282560488,125.09912114573558,r_57,r,greedy r,WFD (greedy)
2052,63259.03005599598,240.81783549270384,32.23889384855073,-5.698927788193518,20.67263931583477,i_39,i,"twilight_near_sun, 0",twilight
2053,63260.02889407643,22.824296083582503,56.38413234878802,41.640920933553694,67.76524265703627,r_57,r,greedy r,WFD (greedy)
2054,63261.028414596396,20.905040894224665,56.23339697513919,-20.60028732435814,128.38496634500822,r_57,r,greedy r,WFD (greedy)
2055,63262.0279007103,10.995384443392595,59.084006632096646,-1.7887418125208083,101.09867056378447,r_57,r,greedy r,WFD (greedy)
2056,63263.028155088374,233.73646259077773,31.72203561510162,57.349783772005885,315.59762650706034,z_20,z,"twilight_near_sun, 0",twilight
2057,63264.02680806458,0.47885274463358307,67.28100065779516,-2.090069477193036,92.33584962806276,r_57,r,greedy r,WFD (greedy)
2058,63265.02629076074,3.835910969059278,67.37286351396587,-43.395414857314066,136.5648300210869,r_57,r,greedy r,WFD (greedy)
2059,63266.025759531636,10.621012339008352,61.68796461911144,-53.11202011951033,152.10564337832545,r_57,r,greedy r,WFD (greedy)
2060,63267.02582679409,247.98330439474793,32.37184717887743,53.4434483875899,324.01593595508905,z_20,z,"twilight_near_sun, 0",twilight
2061,63268.02471452266,315.6935378272658,47.15216165240076,-27.74595793322423,80.4445831906403,r_57,r,greedy r,WFD (greedy)
2062,63269.023965640095,334.4228362388842,59.71987217308916,1.1311002263417866,66.79075667392962,r_57,r,greedy r,WFD (greedy)
2063,63270.02334571858,349.7009528794568,67.13289703256463,-48.23675331377868,129.09847992246054,r_57,r,greedy r,WFD (greedy)
2064,63271.02336520147,248.8452281889868,32.836665940589384,-9.17613085386917,26.661966700168996,i_39,i,"twilight_near_sun, 0",twilight
2065,63272.02207191865,349.76885627538405,69.27845409221823,52.56687657890316,28.299918670531408,r_57,r,greedy r,WFD (greedy)
2066,63273.02135196247,17.859174771897177,68.16034799557819,1.1780224739459473,104.21346730807468,r_57,r,greedy r,WFD (greedy)
2067,63274.020809396236,323.89885220779166,57.6430297405825,57.04223693679755,2.157663029769853,r_57,r,greedy r,WFD (greedy)
2068,63275.26015295713,333.28708271016757,54.80411099105164,-37.45708507445237,104.50504162946658,u_24,u,"DD:COSMOS, 20320212, 0, 4984",DDF
2069,63276.01927313676,358.31250362673154,72.50026876686854,1.753891974230447,86.57035564988084,r_57,r,greedy r,WFD (greedy)
2070,63277.018621052746,358.68781544200044,70.58234256923232,44.18311919990144,44.48233516251442,r_57,r,greedy r,WFD (greedy)
2071,63278.01785200273,353.6154327832177,71.52455555121038,-5.07370199841,89.25977059854382,r_57,r,greedy r,WFD (greedy)
2072,63279.01782487139,251.60640762240777,31.861774230457478,-26.4903263786489,45.55017022402397,i_39,i,"twilight_near_sun, 0",twilight
2073,63280.0164311432,18.432697496129162,72.65360940758205,43.74481782581379,62.397335309298725,r_57,r,greedy r,WFD (greedy)
2074,63281.01579670096,322.1774165488978,67.74652894545586,-12.55119907568536,69.58856578329284,r_57,r,greedy r,WFD (greedy)
2076,63283.01479861678,253.0113827718631,32.857511082505646,57.1468962861255,321.8996304851186,i_39,i,"twilight_near_sun, 0",twilight
2077,63284.01341090414,332.9747451409311,59.37094044968135,-37.032810164944436,103.72770544700315,r_57,r,greedy r,WFD (greedy)
2078,63285.0126033839,348.43917433288897,61.91249052403653,-23.119793373572236,102.96110959310222,r_57,r,greedy r,WFD (greedy)
2079,63286.01184933354,351.79720354884864,59.32472014014131,-55.631332212537515,138.3721452317929,r_57,r,greedy r,WFD (greedy)
2080,63287.01162301014,256.30540219684895,33.645180093109786,-13.018955960962787,32.976775792484645,z_20,z,"twilight_near_sun, 0",twilight
2081,63288.01018755613,340.90617533166113,65.27018169464576,-35.19704418734476,108.48860320032199,r_57,r,greedy r,WFD (greedy)
2082,63289.00934035559,346.1000811108851,71.76823307109466,22.70850303870101,54.83636807716615,r_57,r,greedy r,WFD (greedy)
2085,63292.007110662016,49.9196848888781,30.697337360011453,-28.164176774836402,160.70251120885115,r_57,r,greedy r,WFD (greedy)
2086,63293.00615208667,22.288325719545092,50.38268313538395,-16.900091578930667,126.00006247383863,r_57,r,greedy r,WFD (greedy)
2087,63294.0052838965,340.2199286177522,55.60449732354177,-17.596930864610428,90.40287997961228,r_57,r,greedy r,WFD (greedy)
2088,63295.00502955628,254.25329855785185,33.76753413458508,25.945809107158595,353.09426454653146,r_57,r,"twilight_near_sun, 0",twilight
2089,63296.00355994087,336.1577225787574,73.92993606316658,-2.930669922702775,71.51052392953403,r_57,r,greedy r,WFD (greedy)
2090,63297.00277148933,19.05168057324353,50.374439006697344,-16.156945803221877,122.51219262597881,r_57,r,greedy r,WFD (greedy)
2091,63298.00184328081,340.57556452101784,73.37136485230133,43.41511647419439,29.14097126350424,r_57,r,greedy r,WFD (greedy)
2092,63299.00159080112,258.226888737398,33.079103513756785,8.569290682248322,12.404264151971402,z_20,z,"twilight_near_sun, 0",twilight
2093,63300.000192179185,328.928949144879,66.4780377488384,-33.68321178963956,96.61876126839503,r_57,r,greedy r,WFD (greedy)
2094,63300.99928608581,351.53323472368015,61.42387618417328,48.70139715766322,33.806672690837196,r_57,r,greedy r,WFD (greedy)
2095,63301.99845556061,357.24970235024006,54.5861168475963,-18.317841900915745,105.75224047729616,r_57,r,greedy r,WFD (greedy)
2096,63302.998120404925,261.37508041032294,32.14016682201407,-55.38809411800373,78.00065292012125,z_20,z,"twilight_near_sun, 0",twilight
2097,63303.99678684804,7.633835706285877,44.09707645105251,-0.2130832489962517,96.86617756445617,r_57,r,greedy r,WFD (greedy)
2098,63304.995911069134,22.18462245601826,45.710029688750794,-44.69086953912658,153.96304933084926,r_57,r,greedy r,WFD (greedy)
2099,63305.99505674147,322.4918134831988,70.0277186380985,-30.741008873010696,87.75360434659696,r_57,r,greedy r,WFD (greedy)
2101,63307.99326547644,17.221864441006158,53.586161349337765,-43.75857856088787,148.46459014883308,r_57,r,greedy r,WFD (greedy)
2102,63308.99241332492,26.188864311458186,51.073285260376515,37.329577913858245,75.03139104072547,r_57,r,greedy r,WFD (greedy)
2103,63309.991632311656,317.1635937921417,74.13228215733612,53.09930419524341,358.53625536693625,r_57,r,greedy r,WFD (greedy)
2104,63310.99107302874,276.85619463023727,32.04373211271535,12.756049226297797,16.432843224516656,z_20,z,"twilight_near_sun, 0",twilight
2105,63311.98983164316,326.694580013861,72.89672661753042,26.048682486521166,34.25845395160987,r_57,r,greedy r,WFD (greedy)
2106,63312.98900944574,321.0560782889128,52.76983905345499,25.970212979035782,30.961579512248655,r_57,r,greedy r,WFD (greedy)
2107,63313.98810259365,358.98520895209265,50.40650418352512,59.643251457331814,29.29162891475326,r_57,r,greedy r,WFD (greedy)
2108,63314.987640480256,275.54869312277344,32.046341350200926,-19.058566802750082,47.65126834660763,r_57,r,"twilight_near_sun, 0",twilight
2109,63315.98642689141,8.596555870520998,44.01863376821784,-40.01425925630525,137.53728525640207,r_57,r,greedy r,WFD (greedy)
2110,63316.985475285335,26.687574779551323,71.47543150389927,3.3641676186917846,109.980034153257,r_57,r,greedy r,WFD (greedy)
2111,63318.09577668355,359.3941710740491,54.66929558703424,4.632300691388902,84.74747659957511,i_39,i,"pair_33, iz, bs 52, a",WFD (pairs)
2114,63320.98227588641,48.18647914401354,37.10362276708168,-57.995306987761424,188.5764865522932,r_57,r,greedy r,WFD (greedy)
2115,63321.981289333446,24.45700820412789,69.16936572747255,52.281726141801705,58.928400984905124,r_57,r,greedy r,WFD (greedy)
2116,63322.98095718497,268.47052414304875,32.721444788979596,-28.34308752315024,53.667202038895844,z_20,z,"twilight_near_sun, 0",twilight
2117,63323.979653206894,28.160880858968476,66.46983527804097,-54.412620459920426,168.64669346172715,r_57,r,greedy r,WFD (greedy)
2118,63324.97884941904,358.2841865164723,53.85262970323605,-46.4485677768219,134.79070508632228,r_57,r,greedy r,WFD (greedy)
2119,63325.97811771394,42.262286130660954,69.15073462041126,-30.36666295027379,157.01672907542584,r_57,r,greedy r,WFD (greedy)
2120,63326.97770249698,268.6812070411304,32.658408404953256,-27.231921439761123,52.658319348135144,z_20,z,"twilight_near_sun, 0",twilight
2121,63328.19889467195,298.71492535384783,36.304264160796684,-9.144106741713232,49.75526847538382,r_57,r,"DD:COSMOS, 20320405, 3, 5931",DDF
2123,63329.97481676096,26.213647608755462,67.46629422291421,-35.920453965395275,148.5489510489083,r_57,r,greedy r,WFD (greedy)
2126,63332.97245869029,3.590730774097669,70.27750582033329,-18.216746644361088,111.21335657828828,r_57,r,greedy r,WFD (greedy)
2127,63333.97171082738,346.10969689440003,69.36117153797869,-19.712634842223224,97.385069407346,r_57,r,greedy r,WFD (greedy)
2128,63334.9714560088,277.2738671928317,31.480104356379275,-49.31225638034462,78.74623242426915,r_57,r,"twilight_near_sun, 0",twilight
2129,63336.0996434092,329.9305533174037,53.82738522189018,-20.596580535477734,84.84348739708277,r_57,r,"DD:COSMOS, 20320413, 0, 5947",DDF
2130,63336.96951125507,12.371553250424133,73.11860641996618,-34.445324160461865,135.27726136312688,r_57,r,greedy r,WFD (greedy)
2132,63338.96846110533,290.0413015705718,31.841655598470314,58.881823135803586,336.6896035323148,i_39,i,"twilight_near_sun, 0",twilight
2133,63339.96744405965,331.86562113387197,73.77294454780127,52.31986026132377,12.478087358328496,r_57,r,greedy r,WFD (greedy)
2134,63340.96671314441,337.2195696238602,69.34099534923318,1.3153688474227903,68.59998548814683,r_57,r,greedy r,WFD (greedy)
2135,63341.966091599694,336.3314628902175,52.37371025532976,4.254985997003954,65.20883133678153,r_57,r,greedy r,WFD (greedy)
2136,63343.09143720062,163.83170297900853,82.56133504181747,-22.524343835404974,274.88865244985766,i_39,i,"pair_33, iz, bs 52, a",WFD (pairs)
2137,63344.08498165063,284.40870317488515,65.19137886280822,32.63201630446828,353.16915556146904,i_39,i,"pair_33, iz, bs 52, a",WFD (pairs)
2142,63349.195553605496,338.4727667755487,64.63584019118488,32.95990423107163,38.52195615383844,z_20,z,"pair_33, zy, bs 52, a",WFD (pairs)
2143,63350.08610088508,317.5938517596951,49.275454200440905,48.74354635985648,5.5112290447108006,r_57,r,"DD:COSMOS, 20320427, 2, 5975",DDF
2144,63351.19643958088,17.172152858728587,70.75232407198406,-21.376997427423905,126.6054591158044,z_20,z,"pair_33, zy, bs 52, a",WFD (pairs)
2146,63353.195933716255,350.4008205912748,66.4894973373807,-47.53211934209207,129.29425609404586,r_57,r,"pair_33, ri, bs 52, a",WFD (pairs)
2147,63353.95881811663,31.37714201488256,42.80658199464163,59.79556608628226,57.456150456068315,r_57,r,greedy r,WFD (greedy)
2149,63355.957671384116,8.54567733260822,72.12592593662117,-47.56732649931966,145.00333929165507,r_57,r,greedy r,WFD (greedy)
2151,63357.95675760085,9.131394424698485,45.45296744721143,-55.385948539038395,153.39622978975325,r_57,r,greedy r,WFD (greedy)
2152,63358.95651777324,292.21522045755194,32.15333384553967,32.38917107178021,4.32005615765842,z_20,z,"twilight_near_sun, 0",twilight
2156,63363.080951331285,305.4811547026356,42.2200854455008,23.787878713545027,21.387405470406033,u_24,u,"DD:COSMOS, 20320509, 0, 5071",DDF
2158,63365.315289509585,48.308078083763135,66.41308354487244,-9.52999919882608,141.2414008000062,u_24,u,"pair_33, ug, bs 52, a",WFD (pairs)
2159,63365.95326279529,15.101852612030807,71.63932795362835,-53.647150008061054,156.87897673152807,r_57,r,greedy r,WFD (greedy)
2160,63366.953255745735,284.61606400375354,32.05266851340925,-6.311393506167112,39.11791307325446,z_20,z,"twilight_near_sun, 0",twilight
2161,63367.952511241354,25.79054773696817,70.30065995235336,-26.946734460274417,139.48824559592438,r_57,r,greedy r,WFD (greedy)
2162,63368.952329306674,45.717876851097586,65.86473634532798,-12.016573938544514,141.2396139177926,r_57,r,greedy r,WFD (greedy)
2165,63371.95130124801,351.8460527474387,54.0610056625276,-26.971929006357314,109.79882600534883,r_57,r,greedy r,WFD (greedy)
2166,63373.07626019877,298.6065086990242,35.9422160547374,32.97027089621813,7.563833401509461,g_6,g,"DD:COSMOS, 20320520, 0, 5615",DDF
2167,63373.95075624532,1.467419749020215,54.6887981107623,-8.226883557132687,99.4162590181383,r_57,r,greedy r,WFD (greedy)
2169,63375.950271887,4.5147604287815915,55.12700669747853,0.985233831722881,92.85326657308238,r_57,r,greedy r,WFD (greedy)
2172,63379.0888783102,358.13553414667575,66.22399775181006,1.5045184260119013,86.95505048573821,y_10,y,"pair_33, yy, bs 52, a",WFD (pairs)
2173,63379.949718774325,60.47301132596543,38.24003297337824,-41.396503439167745,180.21399791370237,r_57,r,greedy r,WFD (greedy)
2174,63380.949398306264,39.74642607330544,50.12205596304711,-17.15641884353489,140.72322886261603,r_57,r,greedy r,WFD (greedy)
2178,63384.94876463546,18.62429088746553,68.82828587145923,-27.942358204628647,134.17660575469642,r_57,r,greedy r,WFD (greedy)
2179,63385.94875870731,28.25297436972834,57.41203255719826,57.175566602610566,56.958104564135546,r_57,r,greedy r,WFD (greedy)
2180,63386.94897578854,293.2906296851784,32.090419512640906,34.118048696469145,3.1842572599334713,z_20,z,"twilight_near_sun, 0",twilight
2182,63389.323604761295,25.050017272847953,60.097171712687306,41.434270173384206,70.17729541547075,r_57,r,"ToO, neutrino, r, 897, i5, 744",ToO
2183,63389.94858041207,32.5005991910518,58.037002937439745,-42.13008025603667,159.8238395016341,r_57,r,greedy r,WFD (greedy)
2184,63390.94881956716,296.0385882891054,32.959451829190556,3.1497296526831575,35.70812786112741,i_39,i,"twilight_near_sun, 0",twilight
2185,63391.94857964993,8.974764456447144,51.17405811622491,-38.93407479017339,136.74244772336849,r_57,r,greedy r,WFD (greedy)
2186,63392.94856754599,26.60125495798475,55.60677384757379,38.97591907691532,73.8010942990759,r_57,r,greedy r,WFD (greedy)
2187,63393.94853775246,15.46317457268572,65.59699319074883,11.208769681987825,92.18891888778774,r_57,r,greedy r,WFD (greedy)
2188,63394.94908030418,272.9179418336055,30.39788556811382,-28.58043721429038,56.30292940784305,i_39,i,"twilight_near_sun, 0",twilight
2189,63395.9486748491,25.714410230949348,62.10741109801376,52.52380559056259,59.5810466441101,r_57,r,greedy r,WFD (greedy)
2212,63418.95315534108,292.84745632164527,33.745826747669646,44.67736453498444,352.4641521948136,i_39,i,"twilight_near_sun, 0",twilight
2213,63419.95324512528,42.898681101806936,50.19222125746248,-1.4433575968480612,127.59579748406108,r_57,r,greedy r,WFD (greedy)
2214,63420.95341966572,9.414055488833633,66.55547234450614,51.88914806456482,46.36861652664,r_57,r,greedy r,WFD (greedy)
2215,63422.09259921506,334.6377082917712,63.60039010547256,-48.47985433162389,116.79577987371853,r_57,r,"pair_33, gr, bs 52, a",WFD (pairs)
2216,63422.95399975002,15.382498016650892,61.871437669936036,-45.26664768195096,148.619401947163,r_57,r,greedy r,WFD (greedy)
2217,63423.95432175557,13.501978279951594,61.671208931338974,52.58783758389473,49.14853788918339,r_57,r,greedy r,WFD (greedy)
2219,63425.95488840705,350.6539080757106,67.96058684607777,-21.04564522777618,102.95839386245628,r_57,r,greedy r,WFD (greedy)
2221,63428.20601782714,125.54076297027865,32.25766367057119,12.123616066993888,155.15281047769054,y_10,y,"DD:ELAISS1, 20320713, 0, 25100",DDF
2223,63429.95629710039,324.6166527513514,50.12550038055137,-36.76647462908334,96.70444374315824,r_57,r,greedy r,WFD (greedy)
2224,63430.95685616505,294.5872660256638,31.686272796565625,47.82334912073077,350.2784994989838,i_39,i,"twilight_near_sun, 0",twilight
2226,63432.95720451932,351.6579927866037,63.05595901033762,25.637871695012226,57.23607710338526,r_57,r,greedy r,WFD (greedy)
2227,63433.95757076439,351.0054401445892,62.352657090861605,-50.98026604007277,133.2980680166538,r_57,r,greedy r,WFD (greedy)
2228,63434.95818932027,296.0521709500654,32.53898618401726,-55.30576400483802,94.26914388320391,r_57,r,"twilight_near_sun, 0",twilight
2229,63435.95829497098,34.35970585058039,53.991927496578676,19.25208572685552,100.08064206846244,r_57,r,greedy r,WFD (greedy)
2230,63436.95884715776,61.05582575626877,38.472692269769915,-18.901990927033705,158.19926812780017,r_57,r,greedy r,WFD (greedy)
2231,63437.95889596031,351.5278447562567,65.40115153395335,19.77875258946985,62.97421988431745,r_57,r,greedy r,WFD (greedy)
2232,63438.959604489566,290.73625080613994,32.47863752216442,-48.71285472402194,84.77289811988712,z_20,z,"twilight_near_sun, 0",twilight
2233,63439.95963858549,21.291068202202595,63.23262298241237,55.1030329780932,53.39024460519835,r_57,r,greedy r,WFD (greedy)
2236,63442.96103318101,286.5006279180363,33.5074567976285,-43.64590486234188,77.4608165404693,r_57,r,"twilight_near_sun, 0",twilight
2237,63443.960991277825,352.1595866410641,65.09770718084897,-20.44059520941412,103.7621867836515,r_57,r,greedy r,WFD (greedy)
2239,63445.96170575042,359.52917915054536,63.35206516920482,5.581189308077893,84.14445013574404,r_57,r,greedy r,WFD (greedy)
2245,63452.08703846431,350.24732829890405,82.19836241244948,-32.45262308251273,113.53416504478956,r_57,r,"pair_33, gr, bs 52, a",WFD (pairs)
2246,63452.96475339075,98.75103748171654,32.582725117798,-28.508634670592677,186.17806452326434,r_57,r,greedy r,WFD (greedy)
2247,63453.96455455937,27.680136948976422,58.43527772973288,16.18751488544027,97.65419294797758,r_57,r,greedy r,WFD (greedy)
2248,63454.964924818756,11.611728893994325,55.3207426803984,-12.521849435807738,112.72228113765514,r_57,r,greedy r,WFD (greedy)
2249,63455.96527026478,7.506594436579556,56.29417660984059,-17.630260007401006,114.28254641182937,r_57,r,greedy r,WFD (greedy)
2251,63457.96597221121,29.955859478498773,55.758266035063386,33.487312709395255,82.24500807696427,r_57,r,greedy r,WFD (greedy)
2252,63458.966676854245,284.6677685641401,31.41452581321414,-14.517749424066249,47.59177521152005,r_57,r,"twilight_near_sun, 0",twilight
2253,63459.966690846144,343.211865148883,52.52297292861735,11.246585225624116,64.36987163264898,r_57,r,greedy r,WFD (greedy)
2254,63460.967019991236,342.494599775063,64.61752456235375,57.00765285094623,18.003088220395135,r_57,r,greedy r,WFD (greedy)
2255,63461.967324194986,358.2681720650997,63.09461131273693,3.781996515827649,84.88392271821571,r_57,r,greedy r,WFD (greedy)
2256,63462.96806923973,284.4491254243572,32.9030931884071,49.20770288237753,343.6707268744549,z_20,z,"twilight_near_sun, 0",twilight
2257,63463.968031076794,10.893654000049642,60.64443964304911,36.310177151015225,63.26287528826499,r_57,r,greedy r,WFD (greedy)
2258,63464.96841738018,28.23839161332812,53.56853457250333,-52.14212572321024,166.47808327822403,r_57,r,greedy r,WFD (greedy)
2259,63465.96920611809,88.4011733472245,43.337437214190906,-8.403919629047344,164.65796768755547,r_57,r,greedy r,WFD (greedy)
2260,63466.969518175094,276.1093553845659,33.27456765126888,23.773622277882144,5.034180891308409,r_57,r,"twilight_near_sun, 0",twilight
2261,63467.96991538497,90.57291567798832,46.017881091511114,58.4846695865219,99.99515800161117,r_57,r,greedy r,WFD (greedy)
2262,63468.97025421321,89.58255391387152,48.36631777309566,-4.907429257713819,163.63314850164042,r_57,r,greedy r,WFD (greedy)
2263,63469.97011554019,356.22768942774815,61.06652905848578,-47.80039990509849,134.71501203826162,r_57,r,greedy r,WFD (greedy)
2264,63470.97086163663,281.8179531820863,32.440147408172884,7.481642264883537,24.16827619474661,r_57,r,"twilight_near_sun, 0",twilight
2265,63471.97080877564,343.47543052461447,60.17715389444728,-43.83558964125917,119.77643084675137,r_57,r,greedy r,WFD (greedy)
2266,63472.971308910724,46.447071252439734,53.868473284140585,30.79492888084018,98.2181412349548,r_57,r,greedy r,WFD (greedy)
2269,63475.97223025813,354.3091664417468,56.42400438766996,45.248105825467086,40.00864962737513,r_57,r,greedy r,WFD (greedy)
2270,63476.97255829583,340.34511708737506,60.78015337111299,16.463258746443564,56.80311108633294,r_57,r,greedy r,WFD (greedy)
2271,63477.97338295518,86.93196362803836,54.80897895508039,13.569886652054144,145.77648065695558,r_57,r,greedy r,WFD (greedy)
2272,63478.97376359872,269.8061561069261,33.02243324427725,30.52318763166273,355.52184615410187,r_57,r,"twilight_near_sun, 0",twilight
2273,63479.97403588997,79.45271644232017,56.42221186708434,41.25791106818803,113.12231404524505,r_57,r,greedy r,WFD (greedy)
2274,63480.97440506154,80.90537584143591,56.02627406218035,44.42285735791124,110.91061713803057,r_57,r,greedy r,WFD (greedy)
2276,63482.97474307863,357.03835507093856,53.401655122755095,7.603047515938561,80.00673123685539,r_57,r,greedy r,WFD (greedy)
2277,63483.97507977743,28.769740460493843,60.58415975592498,-33.10475245426533,147.91073687400205,r_57,r,greedy r,WFD (greedy)
2278,63484.97545783799,351.0066876287247,55.62840688082868,44.14668126661489,38.25794817981695,r_57,r,greedy r,WFD (greedy)
2280,63486.97670852149,263.600782440778,31.80069940309187,-9.60994433248485,33.43487125787294,z_20,z,"twilight_near_sun, 0",twilight
2282,63488.97706494528,46.49187397833596,46.74856199274229,-18.849348960354202,147.8348453593526,r_57,r,greedy r,WFD (greedy)
2283,63489.97731936012,338.8461400333272,54.74944328350116,25.295652971865135,46.69453131574646,r_57,r,greedy r,WFD (greedy)
2284,63490.97815234491,270.8379940431957,31.23182984284934,-35.44389232246423,62.40429878783434,z_20,z,"twilight_near_sun, 0",twilight
2287,63493.979107541374,63.735616089808,66.34227908250408,32.11933675916661,112.55798816458437,r_57,r,greedy r,WFD (greedy)
2289,63495.97985501175,58.679021256958826,68.74943574754175,-24.364000417779955,165.36443756514228,r_57,r,greedy r,WFD (greedy)
2291,63497.98034924239,17.07682360726743,71.49995051101517,26.594620496430615,78.639391695149,r_57,r,greedy r,WFD (greedy)
2292,63498.98141555046,256.79876832818536,33.884733866517166,13.229811257464178,7.034555277072396,r_57,r,"twilight_near_sun, 0",twilight
2293,63499.98124056709,334.9340778500819,74.38562016153286,-21.265516639478793,89.08198877906163,r_57,r,greedy r,WFD (greedy)
2294,63500.98189543,58.06783861145631,66.09737966471202,-23.634058562741362,163.478676969115,r_57,r,greedy r,WFD (greedy)
2295,63501.98210061933,1.7474534117741658,70.51700125849415,-53.71499359735259,145.42716539805656,r_57,r,greedy r,WFD (greedy)
2296,63502.98298573464,271.5802798281586,32.317765444332146,27.506249464133276,359.5575702773181,r_57,r,"twilight_near_sun, 0",twilight
2297,63503.983118369004,50.15839287281381,68.37152119174982,-54.13971163222852,187.7398976783741,r_57,r,greedy r,WFD (greedy)
2298,63504.983469685496,38.58384773218945,51.69789424491667,-58.86418999856537,181.60231518014044,r_57,r,greedy r,WFD (greedy)
2299,63505.98384737363,29.453813390049906,55.543145161355085,28.26846563922201,87.01051738547464,r_57,r,greedy r,WFD (greedy)
2301,63507.98467267096,6.488360339571884,73.38435983679977,32.62499625232294,63.30899965118279,r_57,r,greedy r,WFD (greedy)
2302,63508.98554717871,72.43050836647974,68.96169907407486,-3.2834563490192377,156.16034479978308,r_57,r,greedy r,WFD (greedy)
2303,63509.985878417,54.83479854524353,48.497023067341985,-1.3910292184460298,136.47135618761345,r_57,r,greedy r,WFD (greedy)
2304,63510.98679349012,248.26945714859175,31.71241298394868,-7.698101248701644,25.849261837917968,z_20,z,"twilight_near_sun, 0",twilight
2305,63511.986758954234,45.48581202645704,55.20814997877525,-20.57893721722363,148.81413161483687,r_57,r,greedy r,WFD (greedy)
2307,63513.98808351125,270.52113747033354,72.8058380222782,-7.917835626608436,18.384958029921883,r_57,r,greedy r,WFD (greedy)
2308,63514.988803635424,241.4270215951855,30.710163218015147,11.726072045977983,4.780948782540751,r_57,r,"twilight_near_sun, 0",twilight
2309,63515.98860261243,13.979246955436357,58.728643331549165,48.68152670307576,53.498737397088156,r_57,r,greedy r,WFD (greedy)
2310,63516.9893816602,62.05986325390303,67.09809725049696,59.66799855621665,83.73313110798739,r_57,r,greedy r,WFD (greedy)
2311,63517.98991327443,63.67286313775952,34.45442981923774,-50.44785767952934,191.2351721384574,r_57,r,greedy r,WFD (greedy)
2312,63518.99068078214,265.01095564111597,31.170753487905735,-13.738073637133853,38.411973316333075,i_39,i,"twilight_near_sun, 0",twilight
2313,63519.99080977452,318.46283135918645,72.91142657467032,-36.88107544929304,90.26333590750595,r_57,r,greedy r,WFD (greedy)
2314,63521.28286608179,10.62619337223037,62.99197890794219,-16.98783835584714,116.01133599214454,r_57,r,greedy r,WFD (greedy)
2315,63522.10347151171,103.80033792405237,37.29015581529862,27.446514199436432,134.17726421994723,y_10,y,"DD:ECDFS, 20321015, 12, 136765",DDF
2316,63522.99303332894,240.28551207974746,32.52366855977209,-39.08697425183846,53.839921523487575,r_57,r,"twilight_near_sun, 0",twilight
2317,63523.993101877706,56.77091847193615,68.67015875920572,32.04479629181419,107.2209940187919,r_57,r,greedy r,WFD (greedy)
2318,63524.99355588138,319.6157178077971,74.2309666408853,1.1427223134598263,53.00655953097149,r_57,r,greedy r,WFD (greedy)
2319,63525.99436298078,72.65434781065503,53.232587200169405,50.28714309742055,98.10684490439482,r_57,r,greedy r,WFD (greedy)
2320,63526.9952483971,247.73403178101913,33.30206084939178,-56.06756073708189,73.07593483090244,r_57,r,"twilight_near_sun, 0",twilight
2321,63527.995226027866,34.12424888636827,59.22523885145943,-51.334543069392055,170.4671984905489,r_57,r,greedy r,WFD (greedy)
2322,63528.99577174368,28.14422664230715,62.00612471404386,-10.816660728076256,125.04288198101148,r_57,r,greedy r,WFD (greedy)
2324,63530.99753733238,260.44538384537833,30.48293155424637,-28.364714571649113,51.54772434032796,z_20,z,"twilight_near_sun, 0",twilight
2326,63532.998564974565,287.89249041694853,69.38084653340306,-34.19937542228103,61.74479609145729,r_57,r,greedy r,WFD (greedy)
2327,63533.99879277106,9.498586793390963,68.4804704033688,-34.940123926368784,133.33026349317592,r_57,r,greedy r,WFD (greedy)
2328,63535.00006765939,255.81260407907067,30.536456535538644,8.927759088838933,12.563344679570594,r_57,r,"twilight_near_sun, 0",twilight
2329,63536.000375877855,299.8106442546129,72.45297027985895,0.8529841940153273,36.1199517828972,r_57,r,greedy r,WFD (greedy)
2330,63537.00081164749,34.79056519063165,56.95295116019648,10.188555616920475,109.39951081967779,r_57,r,greedy r,WFD (greedy)
2331,63538.00138290133,24.00824136497869,62.91872472286376,-13.950467340635765,124.67003489735545,r_57,r,greedy r,WFD (greedy)
2332,63539.002752368,243.893942675052,33.10588196340089,39.24952618461106,336.42953540503476,r_57,r,"twilight_near_sun, 0",twilight
2333,63540.00270463282,339.7235878108593,73.46522484768501,-41.585552751755834,113.66338652964151,r_57,r,greedy r,WFD (greedy)
2335,63542.00405069176,336.7419525264095,73.45010727676437,24.5329069585665,44.894273842531106,r_57,r,greedy r,WFD (greedy)
2336,63543.005539936516,229.36514992975407,29.73471726105827,44.17289167363915,329.6902246516698,i_39,i,"twilight_near_sun, 0",twilight
2337,63544.00559378022,311.8631980888818,72.79529953230167,-14.305228689507448,61.81647097254867,r_57,r,greedy r,WFD (greedy)
2338,63545.00615184899,33.93859640555487,51.1770146222888,8.576253844924318,110.30797444071246,r_57,r,greedy r,WFD (greedy)
2339,63546.00679465913,15.644976790302453,68.17477980218275,-50.61757633485617,154.30514140636956,r_57,r,greedy r,WFD (greedy)
2340,63547.008207397965,238.49222731522423,32.9917992065966,-39.52934217503257,53.269179676140666,i_39,i,"twilight_near_sun, 0",twilight
2341,63548.00860171586,277.3054157429018,54.10282376058142,-51.338675050534626,75.65594434385386,r_57,r,greedy r,WFD (greedy)
2342,63549.009059253214,308.69286750310613,70.82935385600736,28.507961938037415,16.642268683315628,r_57,r,greedy r,WFD (greedy)
2343,63550.009693676875,316.92581578277515,74.37485893517683,-23.877075261602407,75.52119367399365,r_57,r,greedy r,WFD (greedy)
2344,63551.01093631796,244.51435947577227,33.14823992055944,26.918520151600102,348.96505168864894,i_39,i,"twilight_near_sun, 0",twilight
2345,63552.01106592672,319.3781573360969,71.69434543888701,-50.66595405144497,104.97243998474836,r_57,r,greedy r,WFD (greedy)
2346,63553.01162528727,14.764268786132098,72.42742975317186,44.84138164368778,58.24378506980342,r_57,r,greedy r,WFD (greedy)
2347,63554.01246610019,43.35512505810567,54.10014886195765,40.56495346098857,85.79454408770431,r_57,r,greedy r,WFD (greedy)
2348,63555.01376780015,238.80312787411677,34.07222156333308,-49.27827174585762,62.22513772685613,r_57,r,"twilight_near_sun, 0",twilight
2349,63556.013759657304,5.202957764130986,74.33484268796452,-55.57418318111242,150.23355262432148,r_57,r,greedy r,WFD (greedy)
2351,63558.0151654313,33.24978172298706,55.177886260180244,42.892032390699974,75.33283996548236,r_57,r,greedy r,WFD (greedy)
2352,63559.11300206302,8.126925150270928,64.28659122611475,-42.71022242642796,139.6398902185215,y_10,y,"DD:XMM_LSS, 20321122, 0, 15778",DDF
2353,63560.01697723894,271.2459168929565,42.74578627520843,6.0482842360956415,18.00332998174406,r_57,r,greedy r,WFD (greedy)
2354,63561.01713952669,14.231902258542874,65.89101864289727,-7.884872874155298,110.21466532331755,r_57,r,greedy r,WFD (greedy)
2355,63562.017811951475,356.26343482857345,68.26236266127381,36.7114533101983,50.02489698455812,r_57,r,greedy r,WFD (greedy)
2356,63563.01924293999,241.19772808750508,33.366780043466406,-1.261670884207291,15.702889105682786,i_39,i,"twilight_near_sun, 0",twilight
2357,63564.019130166555,347.2048041144771,71.24354434465853,1.5802073596009754,77.14612440018857,r_57,r,greedy r,WFD (greedy)
2358,63565.019892492885,344.69238676529756,63.6212191394702,59.709279344588595,17.068366571579272,r_57,r,greedy r,WFD (greedy)
2360,63567.02189304532,238.9418288676367,33.90327872231674,39.74909556469825,333.3727856372581,i_39,i,"twilight_near_sun, 0",twilight
2361,63568.02181816329,339.4619402492721,61.814623694366176,-52.827906776961406,125.15284960016491,r_57,r,greedy r,WFD (greedy)
2362,63569.02240934232,343.22325341616084,63.49554844462541,-1.6462993684225244,77.1492544606265,r_57,r,greedy r,WFD (greedy)
2363,63570.023132839044,324.14959696591563,62.019811241450725,47.26049865141017,12.130846788576672,r_57,r,greedy r,WFD (greedy)
2364,63571.02446827637,229.27299563938553,32.72482271011068,19.85794967204041,350.70402181045574,z_20,z,"twilight_near_sun, 0",twilight
2365,63572.024253475756,345.19640433314413,61.10862687591416,23.15783951255327,54.06013261523734,r_57,r,greedy r,WFD (greedy)
2366,63573.02479458344,6.362691380720424,68.96916471007943,-27.249973547860524,122.76267055291291,r_57,r,greedy r,WFD (greedy)
2367,63574.025451410766,333.4408472719437,55.08296643783665,-9.004971361828336,76.26837896205308,r_57,r,greedy r,WFD (greedy)
2368,63575.12373248713,94.54335355842693,41.84273557396045,-16.179877980955894,175.04215775565714,i_39,i,"blob_long, iz, a",WFD (blob)
2369,63576.026478237196,12.298590382450097,69.15979641332662,3.6543301384332088,97.03629246206413,r_57,r,greedy r,WFD (greedy)
2370,63577.02759263059,266.2710546927701,73.64076156680994,-3.9931076841035233,9.818286550492214,r_57,r,greedy r,WFD (greedy)
2371,63578.0279723819,284.50656547059356,72.38578938828864,-20.005583126047867,43.21220605147189,r_57,r,greedy r,WFD (greedy)
2372,63579.028833063014,237.3884355077644,32.74301301286134,-23.282572966424485,36.76803853437973,r_57,r,"twilight_near_sun, 0",twilight
2373,63580.02859141868,342.8538350631438,57.09099993049045,-29.108535584324795,104.3042884175832,r_57,r,greedy r,WFD (greedy)
2374,63581.029053685634,333.7658309804707,62.484964390572706,-15.265418132671078,82.68227095934714,r_57,r,greedy r,WFD (greedy)
2376,63583.030626981476,244.10905008738982,31.99363501146252,44.73223297314117,331.73942644380503,z_20,z,"twilight_near_sun, 0",twilight
2377,63584.03036329311,28.955599765612,70.30786768736468,13.056373314411404,102.21370517362355,r_57,r,greedy r,WFD (greedy)
2378,63585.03077191364,25.07274906303473,55.837290276737534,-43.43635249126947,154.79155785238308,r_57,r,greedy r,WFD (greedy)
2379,63586.031152874326,343.1563201159585,55.9075604149902,24.002144088320836,51.420139016368324,r_57,r,greedy r,WFD (greedy)
2380,63587.03233759057,224.06390914844843,30.856252232292462,41.74115532491377,329.2421573107704,r_57,r,"twilight_near_sun, 0",twilight
2381,63588.03180238684,18.607894269840045,64.57270862995827,-30.721422798869025,136.6917135811539,r_57,r,greedy r,WFD (greedy)
2382,63589.03215653077,14.473215180321354,58.7784619482464,-41.274090783755206,143.62246434114508,r_57,r,greedy r,WFD (greedy)
2383,63590.03248657862,21.886746048886636,67.4120138457281,-58.192967574455295,167.09768761726437,r_57,r,greedy r,WFD (greedy)
2384,63591.03346137995,239.17473899191097,33.47618477972035,-54.27390025290568,67.76555915511115,r_57,r,"twilight_near_sun, 0",twilight
2385,63592.032932527865,351.9999124223168,73.85672895701404,32.979537232237654,49.78860110263431,r_57,r,greedy r,WFD (greedy)
2386,63593.03325814767,358.59386506913893,68.42028839397024,59.48928555077753,29.169680560412335,r_57,r,greedy r,WFD (greedy)
2387,63594.03349462522,327.3745415281875,55.01448915067805,-53.94987036818396,116.12486949812664,r_57,r,greedy r,WFD (greedy)
2388,63595.0343873239,235.99222657000428,33.36819601877472,29.810808714276824,342.53707712664834,z_20,z,"twilight_near_sun, 0",twilight
2389,63596.03381228892,336.7600572722203,59.095214065907705,-50.6015291795717,120.57539786395536,r_57,r,greedy r,WFD (greedy)
2390,63597.033974788035,30.630226249430336,70.99089609801779,11.836928046058036,104.93311279681151,r_57,r,greedy r,WFD (greedy)
2391,63598.03401721408,7.911502015787432,71.47737117679186,31.913684689419743,64.93156437733954,r_57,r,greedy r,WFD (greedy)
2392,63599.0349372597,235.49035343012062,32.142062330670896,-16.860309967397914,30.128800168003206,i_39,i,"twilight_near_sun, 0",twilight
2393,63600.03429163316,17.31730470453083,72.60862337775345,-57.63964982533917,162.83149136835925,r_57,r,greedy r,WFD (greedy)
2394,63601.03425768257,9.344683024574458,69.39578582591653,12.46914321574459,85.57492914699205,r_57,r,greedy r,WFD (greedy)
2395,63602.03438207398,14.777990856377901,66.71001611893094,59.76005908992044,42.93663380398328,r_57,r,greedy r,WFD (greedy)
2396,63603.03514476608,231.79008340159407,33.009908733103515,-29.06379207683961,40.13408465243106,z_20,z,"twilight_near_sun, 0",twilight
2397,63604.03433155622,337.1876594416132,61.98997254305566,-36.43300837878351,106.69829647459096,r_57,r,greedy r,WFD (greedy)
2398,63605.03429626213,12.514950210294032,67.21717080659671,-44.24814643368155,144.9907361090593,r_57,r,greedy r,WFD (greedy)
2399,63606.034199849106,343.2559483453569,73.43372422493898,8.027721129350365,66.95377062081435,r_57,r,greedy r,WFD (greedy)
2401,63608.03427805765,305.8181731398867,51.02412628693521,35.48577791559035,9.824549977993973,r_57,r,greedy r,WFD (greedy)
2402,63609.03390422318,339.02165954977164,66.99317021540702,31.35349270443556,40.28895495026239,r_57,r,greedy r,WFD (greedy)
2403,63610.03394066098,313.88177131170835,73.04211677764359,48.09333690075789,0.9126279702978217,r_57,r,greedy r,WFD (greedy)
2404,63611.03440859398,229.6567269124853,32.08522471480226,36.69929779616922,334.5472748469745,i_39,i,"twilight_near_sun, 0",twilight
2405,63612.03339747165,336.9752789174624,61.811156723126814,-29.536472937675853,99.60734264674609,r_57,r,greedy r,WFD (greedy)
2406,63613.0331429423,2.8035228040828617,67.979028471404,7.700443209925337,84.58779381958364,r_57,r,greedy r,WFD (greedy)
2407,63614.0329849765,23.600026410623826,53.77429066407485,-23.828296637301403,133.92610509968551,r_57,r,greedy r,WFD (greedy)
2408,63615.03350638981,228.09506161503532,32.36394484513113,-20.42729266326685,30.79477745728496,i_39,i,"twilight_near_sun, 0",twilight
2409,63616.03241958162,354.02219603970696,64.0854700935899,52.66506158759747,32.001500628013595,r_57,r,greedy r,WFD (greedy)
2410,63617.03214023547,28.97217264819282,53.59955572502796,22.27268322763824,92.30786949868354,r_57,r,greedy r,WFD (greedy)
2411,63618.03181052457,18.242212446306027,68.37000827657569,57.78746045400118,47.95395935740033,r_57,r,greedy r,WFD (greedy)
2412,63619.032192613646,236.20684202200104,31.66327227816551,-9.969659668375085,23.839210931701903,z_20,z,"twilight_near_sun, 0",twilight
2413,63620.031051020385,350.15067350099093,64.10783259969723,5.345273002361075,75.96912715574437,r_57,r,greedy r,WFD (greedy)
2414,63621.030810363074,319.14517310530914,48.47214048088928,-1.1089634058776345,56.52140841829756,r_57,r,greedy r,WFD (greedy)
2415,63622.030287225876,18.45722302754286,65.35461015534395,-46.363625319036736,152.16965293864774,r_57,r,greedy r,WFD (greedy)
2416,63623.03059317512,240.30300940654152,33.65548498117487,-31.597379687771348,45.26064120622737,i_39,i,"twilight_near_sun, 0",twilight
2417,63624.029372414465,345.3633430568622,73.59669341470178,4.652599317912127,72.15920447152483,r_57,r,greedy r,WFD (greedy)
2418,63625.028986924335,358.2767126650564,72.61032501336622,-50.733248899227306,139.03199494558282,r_57,r,greedy r,WFD (greedy)
2419,63626.02853112162,330.5919054810351,54.7182316383292,52.345576398025266,12.401595015474532,r_57,r,greedy r,WFD (greedy)
2420,63627.02870581908,243.58321602877712,33.0573782049623,-45.1438791418914,60.51224266964857,r_57,r,"twilight_near_sun, 0",twilight
2421,63628.02753769623,32.40339767956381,71.06426568404812,-35.441150415552855,153.73288855080665,r_57,r,greedy r,WFD (greedy)
2422,63629.026987474215,342.2804812925278,57.6771998171068,32.488823347711055,42.10281963430433,r_57,r,greedy r,WFD (greedy)
2423,63630.02744490899,202.61792833964927,79.64771471044479,-48.439337178736935,343.8039909697938,r_57,r,"ToO, neutrino, r, 971, i2, 774",ToO
2424,63631.02686458174,205.53353344015093,79.37406513087534,47.94296783618363,250.78438386561695,r_57,r,"ToO, neutrino, r, 971, i5, 780",ToO
2426,63633.02472434274,6.235232817843021,70.0387811891667,-50.76518513390208,146.0565875157592,r_57,r,greedy r,WFD (greedy)
2427,63634.02404253068,13.965985106613088,71.34949061230512,24.12339089905665,78.00154138617494,r_57,r,greedy r,WFD (greedy)
2428,63635.024097855414,255.41850209486512,30.989712652682375,15.796697785067956,5.1157706906631395,z_20,z,"twilight_near_sun, 0",twilight
2429,63636.02375758579,217.44442938612562,77.643512341728,30.733215212824895,282.1013126271944,r_57,r,"ToO, neutrino, r, 971, i7, 785",ToO
2430,63637.02244210711,305.16272103738726,72.63023943672302,40.0121970288048,1.3321549445235599,r_57,r,greedy r,WFD (greedy)
2431,63638.021541526694,337.44929702359366,73.09587277655459,27.36254637867121,42.44866227022314,r_57,r,greedy r,WFD (greedy)
2432,63639.02141557718,265.2284392310911,30.36757052134626,10.361898387795977,14.422618058639609,r_57,r,"twilight_near_sun, 0",twilight
2433,63640.02025623419,327.95555898685905,73.15944659559506,-20.290472319630624,81.68408413225809,r_57,r,greedy r,WFD (greedy)
2434,63641.01944520967,345.66799399817484,74.42510563171726,25.017588849065206,52.000306556948416,r_57,r,greedy r,WFD (greedy)
2435,63642.01882123388,358.24109151399,69.21380368056117,55.801077698747356,32.473851077903184,r_57,r,greedy r,WFD (greedy)
2436,63643.018739292726,248.76612647188958,33.018900875400405,10.46773115405927,6.856431127279351,i_39,i,"twilight_near_sun, 0",twilight
2437,63644.01749278672,43.19751231619094,36.33224641523177,19.979234707743696,107.05834258768428,r_57,r,greedy r,WFD (greedy)
2438,63645.01697791656,73.64208509306637,29.007397902733796,-7.490322512152093,153.4004896066494,r_57,r,greedy r,WFD (greedy)
2439,63646.01580982226,2.263888956724983,70.81535623115997,31.846375018053738,59.958866589751764,r_57,r,greedy r,WFD (greedy)
2440,63647.015662543614,262.48236308013963,30.19580908757068,59.71051879621646,324.07544314692836,i_39,i,"twilight_near_sun, 0",twilight
2441,63648.01434684965,334.5306924604251,63.22836449794169,-40.051757285115,107.9536593791861,r_57,r,greedy r,WFD (greedy)
2442,63649.01363291015,34.96623263782785,51.240002229992434,-35.28815630400142,154.82754437515405,r_57,r,greedy r,WFD (greedy)
2443,63650.01276419975,340.7332133386497,64.5446789537407,5.513881836309134,67.6485112445322,r_57,r,greedy r,WFD (greedy)
2444,63651.012621100475,253.6138385211132,33.59549363617098,-2.280539184525177,21.16849220831296,i_39,i,"twilight_near_sun, 0",twilight
2445,63652.01113700515,346.6320525253127,71.7619422391089,9.728431867577365,68.28139080738491,r_57,r,greedy r,WFD (greedy)
2446,63653.01042081325,349.1992747949179,59.17101304210212,-53.45944630935788,133.95895008172297,r_57,r,greedy r,WFD (greedy)
2447,63654.009546688016,342.8846856770517,74.70454122864197,-10.19198890967701,84.69979822848246,r_57,r,greedy r,WFD (greedy)
2448,63655.009362429824,257.9685990366685,32.89629404293913,9.91269062054569,11.053984118030513,z_20,z,"twilight_near_sun, 0",twilight
2449,63656.00801478684,326.62656761714146,52.64584145599833,10.665632139016756,50.76355665501067,r_57,r,greedy r,WFD (greedy)
2451,63658.0063186147,335.5467497666855,56.07558788517672,26.96871433736821,41.89134778654957,r_57,r,greedy r,WFD (greedy)
2452,63659.00607501379,254.0686261313311,33.55323974144485,16.92053830477979,2.1544613585494754,r_57,r,"twilight_near_sun, 0",twilight
2453,63660.00462271896,334.2057604814145,69.38527719260415,35.68492297246186,31.57852556728095,r_57,r,greedy r,WFD (greedy)
2454,63661.003917174094,45.875246390721784,56.803635392645866,15.381481122045555,112.97155251601306,r_57,r,greedy r,WFD (greedy)
2455,63662.00299512985,6.00522983429631,47.38596440988148,4.980452556237643,90.13689390714623,r_57,r,greedy r,WFD (greedy)
2456,63663.00265161687,258.5662956480395,33.48371994051375,12.679263996284568,8.255212080572514,z_20,z,"twilight_near_sun, 0",twilight
2457,63664.00123083212,28.407790757608947,56.877727499052185,-47.28211743733458,161.37644934880967,r_57,r,greedy r,WFD (greedy)
2458,63665.0005108528,314.51566507241796,72.49717315799806,-26.598168999339652,76.21284585450115,r_57,r,greedy r,WFD (greedy)
2459,63665.99978539646,64.70756869789837,65.54455302955695,3.6208239483986606,141.3305716972737,r_57,r,greedy r,WFD (greedy)
2460,63666.999177384816,263.1732054293943,32.82128871402618,44.69803209171806,338.39270349152025,i_39,i,"twilight_near_sun, 0",twilight
2461,63667.99812059842,288.2457997198297,71.96422647753377,21.61979027977384,4.9099851677734625,r_57,r,greedy r,WFD (greedy)
2462,63668.99696664552,325.837906723915,56.24773103734349,-48.702757590096105,109.49277846300548,r_57,r,greedy r,WFD (greedy)
2463,63669.99612658077,4.194557003456858,43.76025792541466,11.516711467593286,82.06207838154447,r_57,r,greedy r,WFD (greedy)
2464,63670.99572461653,261.4462822715886,32.8143550884635,-33.467474315218965,55.84265229355246,i_39,i,"twilight_near_sun, 0",twilight
2465,63671.994302728235,25.167431349005376,58.839070196447615,28.725582515831906,82.66695727146843,r_57,r,greedy r,WFD (greedy)
2466,63672.993486911444,34.658527104799035,56.45306601929368,39.833221184161445,79.44307072224044,r_57,r,greedy r,WFD (greedy)
2467,63673.992542567736,24.16638606815064,63.106344129272124,11.975995416611427,98.65830576384727,r_57,r,greedy r,WFD (greedy)
2468,63674.99219725881,268.85828333778744,33.25497210774776,10.902577990823463,14.458648507937625,r_57,r,"twilight_near_sun, 0",twilight
2469,63675.99082206593,17.46973336836527,61.110069261460524,-18.641395517034535,123.51475279455448,r_57,r,greedy r,WFD (greedy)
2470,63676.99003736702,350.72275757332767,47.55398717925006,-5.985236066567,87.61900464343206,r_57,r,greedy r,WFD (greedy)
2471,63677.98914586249,33.06023167253276,67.91824925361988,44.52947051395913,74.01742575988362,r_57,r,greedy r,WFD (greedy)
2472,63678.98872155273,271.92853143025775,33.09822803965221,26.740142811976238,0.014069573373764646,i_39,i,"twilight_near_sun, 0",twilight
2473,63679.987407963126,30.340720288429676,63.960410275466224,3.117989427815058,112.81367671883466,r_57,r,greedy r,WFD (greedy)
2474,63680.98653692564,8.879694422118261,58.80932708500607,-15.128235812643316,112.61978219970871,r_57,r,greedy r,WFD (greedy)
2476,63682.985333176264,268.82452778703026,33.09300072809981,-42.92018372831294,68.2983851884067,i_39,i,"twilight_near_sun, 0",twilight
2477,63683.98410209892,42.596455542956356,72.12732481154251,-35.920383212584575,163.33510819108622,r_57,r,greedy r,WFD (greedy)
2478,63684.983087729575,18.013846532539134,70.10988989274446,-14.091815554859027,119.72553138338559,r_57,r,greedy r,WFD (greedy)
2479,63685.982326196194,16.899636686291274,59.6136420470054,53.99677803164762,50.38754668046411,r_57,r,greedy r,WFD (greedy)
2480,63686.98194566654,273.3454505288534,33.36533553310207,0.5464908616258559,26.775992860281512,i_39,i,"twilight_near_sun, 0",twilight
2481,63687.980663012066,19.956628225008046,57.80726523340436,-31.152316527758796,138.14504245602063,r_57,r,greedy r,WFD (greedy)
2482,63688.97986367433,358.26137468018294,54.04652062330562,-46.73104129705512,135.04839368584302,r_57,r,greedy r,WFD (greedy)
2483,63689.978999252744,22.503307982020658,62.148805358849806,-18.626652454006834,127.83278091627304,r_57,r,greedy r,WFD (greedy)
2484,63690.97867217328,272.93465204127506,33.23038905910688,37.80427832946634,349.3553973760015,i_39,i,"twilight_near_sun, 0",twilight
2485,63691.97733861806,355.4999540219819,69.94350590156196,-12.939116829787608,98.81661987493146,r_57,r,greedy r,WFD (greedy)
2486,63692.976545101345,7.069969389596564,70.52255220286375,33.83740024109534,62.21202507968123,r_57,r,greedy r,WFD (greedy)
2487,63693.975764043484,17.39096958874797,71.017349570554,37.48945308831119,67.65659760648066,r_57,r,greedy r,WFD (greedy)
2488,63694.975450352285,277.8191424776886,31.99169313810491,-46.76948619520295,76.37539185060606,i_39,i,"twilight_near_sun, 0",twilight
2489,63695.97427385444,344.08329547497027,53.83468743849958,13.557807900725328,62.511754411566365,r_57,r,greedy r,WFD (greedy)
2490,63696.97348772614,358.4191457812173,61.2505187178466,55.81292311886631,32.65653090904983,r_57,r,greedy r,WFD (greedy)
2491,63697.97276650091,13.595585792906345,48.49324496199978,-11.214115100515682,112.97838908870634,r_57,r,greedy r,WFD (greedy)
2492,63698.97245229279,267.9251201426746,34.076448545963714,-54.012067984354,78.68917888730905,z_20,z,"twilight_near_sun, 0",twilight
2493,63699.971202346576,8.956950045507966,69.85543386622308,51.86387065340645,45.8366673271357,r_57,r,greedy r,WFD (greedy)
2494,63700.97044584945,356.9559667282353,70.67836858554655,47.11114083396533,40.047590908353506,r_57,r,greedy r,WFD (greedy)
2495,63701.969708158314,20.94974767765585,62.125296412795976,3.466847053072836,104.4292254522987,r_57,r,greedy r,WFD (greedy)
2496,63702.96941791896,279.5173845046318,33.439508948764875,6.192336780830789,23.99504054141832,z_20,z,"twilight_near_sun, 0",twilight
2497,63703.96833323834,328.58541667482683,51.66514184209636,-34.20721101107825,97.20921441128853,r_57,r,"ToO, neutrino, r, 996, i2, 810",ToO
2498,63704.96763191184,327.54155981428397,51.33049384315462,38.705044577829106,23.43447815930606,r_57,r,"ToO, neutrino, r, 996, i5, 816",ToO
2499,63705.96706526757,50.26372839898229,32.33141210600772,0.16591907969061445,132.45110065036363,r_57,r,greedy r,WFD (greedy)
2501,63707.965642425326,42.23095797719901,51.45425971783585,22.478768636370614,102.9276850832578,r_57,r,greedy r,WFD (greedy)
2502,63708.96489309999,25.073356419675108,54.46697359668797,54.70105130280068,56.68101347306389,r_57,r,greedy r,WFD (greedy)
2503,63709.96429990679,322.4763055993355,49.48443555186093,39.79665356676043,18.20622778281311,r_57,r,"ToO, neutrino, r, 996, i7, 821",ToO
2504,63710.96366550878,321.4969664259211,49.08197797425447,-26.451505473636146,83.66502702884877,u_24,u,"ToO, neutrino, u, 996, i0, 805",ToO
2505,63711.962996871116,30.192568169066348,49.41974064618925,-53.040764172411436,168.84297016125095,r_57,r,greedy r,WFD (greedy)
2506,63712.96233258661,357.4207141009311,65.82515603911816,53.711659366860225,33.902905009330645,r_57,r,greedy r,WFD (greedy)
2507,63714.08682766426,318.9159065543054,49.747308084114394,25.584552248840843,29.708060181567635,r_57,r,"DD:COSMOS, 20330426, 3, 7146",DDF
2508,63715.08624082172,317.79047200948963,49.22328847441169,35.147386302698116,19.256481847676117,u_24,u,"DD:COSMOS, 20330427, 0, 6228",DDF
2509,63716.0856638589,316.9512167383294,49.00059480792812,4.4708954401364585,49.278796694062535,r_57,r,"DD:COSMOS, 20330428, 3, 7150",DDF
2510,63716.95990424734,344.56440518818476,72.7157810703865,-3.35841480826554,79.5313743507652,r_57,r,greedy r,WFD (greedy)
2511,63717.95933222342,12.236311616792513,71.94106985316196,-8.294721188080201,108.9784162874456,r_57,r,greedy r,WFD (greedy)
2512,63718.95929850346,276.4412608859854,33.71001422126887,-45.79563500855897,74.45641827838764,z_20,z,"twilight_near_sun, 0",twilight
2513,63719.95834061117,5.90688368670027,56.7080368028032,-47.6968258740536,142.6818150043648,r_57,r,greedy r,WFD (greedy)
2514,63720.957776512165,10.364024887243811,64.13701774207513,-31.151849142515214,130.00625275145254,r_57,r,greedy r,WFD (greedy)
2515,63721.95726646899,357.00903121151623,72.19000237277582,41.61866345206846,45.60424466780847,r_57,r,greedy r,WFD (greedy)
2516,63722.95724916565,275.36840481530345,33.035271191161186,-42.64233237802338,70.92300746669935,z_20,z,"twilight_near_sun, 0",twilight
2522,63728.95414827727,7.113794450671214,53.668207035511486,-15.173910226104017,111.2469373572682,r_57,r,greedy r,WFD (greedy)
2524,63730.95363564707,294.0484524091467,31.643134171294832,49.43686476413238,348.2477595139601,r_57,r,"twilight_near_sun, 0",twilight
2526,63732.95260615508,10.405452262437398,61.65450132568982,50.47342193605804,48.42125562753923,r_57,r,greedy r,WFD (greedy)
2528,63734.95223553847,294.9566424956275,33.61693717875532,39.46511064186768,358.77237782086075,r_57,r,"twilight_near_sun, 0",twilight
2529,63735.951603213456,24.880395288175222,73.34527805794986,17.26084753504213,94.7594301587288,r_57,r,greedy r,WFD (greedy)
2531,63737.95100357148,20.661457212083395,68.08152582037465,17.887255406055072,90.04761761768388,r_57,r,greedy r,WFD (greedy)
2532,63738.95110945316,291.26446537056324,32.47455069357963,22.801010660864677,13.397351193868372,z_20,z,"twilight_near_sun, 0",twilight
2533,63739.950561836384,349.835693838246,72.11366743322019,-56.89218952601586,137.80826273955907,r_57,r,greedy r,WFD (greedy)
2534,63740.95031628352,349.45675329728994,65.4490510479841,55.81563692279788,24.94236324882322,r_57,r,greedy r,WFD (greedy)
2535,63742.07696123034,295.2045294287017,33.098296274783316,-3.533199407258564,41.99222883054536,r_57,r,"DD:COSMOS, 20330524, 3, 7198",DDF
2536,63742.950202893415,290.6099499366701,33.383615059545704,33.70815186800516,2.131242119642157,r_57,r,"twilight_near_sun, 0",twilight
2537,63743.9496657134,357.39590691389725,62.37987227538436,-13.87118377567716,101.54094395270964,r_57,r,greedy r,WFD (greedy)
2538,63744.94953773272,3.839271897140938,63.96027557552709,-57.594475981135766,150.8526895343699,r_57,r,greedy r,WFD (greedy)
2539,63745.949351798285,1.4071642356998157,58.728677876116755,1.9502385909877256,89.19859256003795,r_57,r,greedy r,WFD (greedy)
2540,63746.94969160568,269.97633357658395,28.515805017106928,0.6618233210152586,26.268232614376018,r_57,r,"twilight_near_sun, 0",twilight
2541,63747.94903844916,13.833487201679006,65.03188198249788,-6.500485906087167,108.43947171334385,r_57,r,greedy r,WFD (greedy)
2544,63750.94907387302,293.5805693825301,32.89489510291023,3.258653842009047,34.20961452645728,z_20,z,"twilight_near_sun, 0",twilight
2621,63827.96763453944,351.11340885866855,61.25534016747603,56.197034154986056,26.295054375242124,r_57,r,greedy r,WFD (greedy)
2622,63829.204019490346,5.610584940957674,83.26226066706089,-28.286707414806266,123.66908831907274,r_57,r,"pair_33, ri, bs 52, a",WFD (pairs)
2623,63830.09327267176,22.41986160805283,75.87569133481095,53.810908910034954,56.524422640791464,i_39,i,"pair_33, iz, bs 52, a",WFD (pairs)
2626,63832.969350051644,346.40712372149966,60.819775419491265,8.27716291885705,70.17291735106983,r_57,r,greedy r,WFD (greedy)
2629,63836.198417290296,78.02620704056635,28.390008230464463,-30.68956306595356,178.56337881684152,u_24,u,"DD:XMM_LSS, 20330824, 0, 16680",DDF
2633,63840.20766651335,130.16354654060606,65.09391292741115,36.83565363947783,167.06607098638372,u_24,u,"DD:ELAISS1, 20330828, 0, 26113",DDF
2635,63841.972941662025,83.33731122347908,40.39825417310023,-8.46998011498932,161.01225261210433,r_57,r,greedy r,WFD (greedy)
2636,63842.973269048205,280.0398792209704,32.82098415007947,-4.216175462334545,34.99185187132909,i_39,i,"twilight_near_sun, 0",twilight
2637,63843.973290018956,1.2971613424834483,45.76441694952036,-34.15031327923138,125.49767768390936,r_57,r,greedy r,WFD (greedy)
2638,63844.973569562426,359.0782270782186,58.706073802368685,39.78490605820807,49.605671907126386,r_57,r,greedy r,WFD (greedy)
2639,63845.97390976041,336.50082026311,72.9392513148484,-34.541118495604394,103.89724404790704,r_57,r,greedy r,WFD (greedy)
2640,63846.97474985699,272.1345689765745,32.31036274047623,25.999937071988793,1.2489254275554493,r_57,r,"twilight_near_sun, 0",twilight
2641,63847.97487271462,57.868509475489496,61.46003007971769,31.735445585746817,107.07224508479466,r_57,r,greedy r,WFD (greedy)
2642,63848.97545428095,86.06755667295536,43.41458151378891,9.026060329626878,145.84565717489735,r_57,r,greedy r,WFD (greedy)
2643,63849.9758164718,86.05929270523269,44.7337570673022,43.58881601401702,111.66531773114683,r_57,r,greedy r,WFD (greedy)
2646,63853.232350060796,165.91110880197346,75.84036323986867,9.910596431124299,243.0779152946081,y_10,y,"DD:ELAISS1, 20330912, 0, 26323",DDF
2647,63853.97729778405,87.05789393806019,43.77624940266466,35.85670090221516,119.69184316741325,r_57,r,greedy r,WFD (greedy)
2648,63854.97768965946,270.86443745827,32.304641952342884,19.7790782292457,6.9429390371337965,z_20,z,"twilight_near_sun, 0",twilight
2649,63856.098273893054,340.1051067049991,82.61654063951046,45.67504264730412,25.801300515105357,i_39,i,"pair_33, iz, bs 52, a",WFD (pairs)
2651,63857.978452890246,40.485622915596174,67.94230022737162,-8.588351274925156,133.86340174221547,r_57,r,greedy r,WFD (greedy)
2652,63858.97919096894,275.37701367334313,31.620546682754167,37.752804378092314,351.0985872783833,z_20,z,"twilight_near_sun, 0",twilight
2653,63859.97932122185,51.45839747888269,70.40874956906453,30.172168723465077,104.98967228072371,r_57,r,greedy r,WFD (greedy)
2654,63860.97960778276,348.74661478766234,46.67322823854912,-4.910233301866628,85.16155888207491,r_57,r,greedy r,WFD (greedy)
2655,63861.98034024712,79.30573604583996,46.06250822101412,51.28103518328159,100.10951722487104,r_57,r,greedy r,WFD (greedy)
2658,63864.98158549767,81.41126502352776,47.46144782804135,-47.27837761917825,200.3518270169964,r_57,r,greedy r,WFD (greedy)
2664,63871.19010489678,51.620773861087486,53.06033717861519,5.927351405580284,126.75747556364438,y_10,y,"DD:XMM_LSS, 20330929, 3, 16909",DDF
2665,63871.98454148962,71.7675787624664,55.41628611681405,36.79916535488475,111.51634367661023,r_57,r,greedy r,WFD (greedy)
2666,63872.98496094411,67.38326300734056,48.43213199310664,47.55624497641512,96.36655547710832,r_57,r,greedy r,WFD (greedy)
2669,63875.98605256241,359.4925745340175,57.526963563965445,-2.946563824958271,92.67220866054552,r_57,r,greedy r,WFD (greedy)
2670,63876.986496068865,24.159980137465876,62.971828173905294,14.70999426007775,96.227179659733,r_57,r,greedy r,WFD (greedy)
2671,63877.986918674535,11.89262114296545,73.39999920837755,-4.486508997912374,105.21558347868988,r_57,r,greedy r,WFD (greedy)
2672,63878.98804072787,261.91971185967077,33.796878240982224,-12.099755813192246,34.595652497762195,z_20,z,"twilight_near_sun, 0",twilight
2673,63879.98873390807,123.44112424862021,54.81184850574253,-3.8073055864293206,191.67261081098417,r_57,r,"ToO, neutrino, r, 1040, i2, 811",ToO
2674,63880.98923739988,123.65583676736667,55.652141592879985,9.393358958999954,179.4491374352959,r_57,r,"ToO, neutrino, r, 1040, i5, 817",ToO
2676,63882.99007338554,260.3787889620694,33.154681356866085,-3.2756240405033705,25.38431068980302,z_20,z,"twilight_near_sun, 0",twilight
2677,63883.990258015976,56.26423777781299,58.539197618596035,38.43387247894023,98.5528149530489,r_57,r,greedy r,WFD (greedy)
2678,63884.99051411049,18.34483328819572,67.38197667005392,30.709664738643895,75.38163925724763,r_57,r,greedy r,WFD (greedy)
2679,63885.991862205025,125.24763403066791,59.8403948680766,-19.559109573958132,213.7811512135271,r_57,r,"ToO, neutrino, r, 1040, i7, 822",ToO
2681,63887.99296376242,126.18056633748715,61.501910601609296,41.876946390315815,154.78368282303197,u_24,u,"ToO, neutrino, u, 1040, i0, 806",ToO
2682,63888.993129232134,284.96725239517355,73.01872540490207,-40.809407044731095,64.35772614824218,r_57,r,greedy r,WFD (greedy)
2683,63889.993482618374,48.96038327209786,62.09494272075345,10.355321196732486,121.19989592621423,r_57,r,greedy r,WFD (greedy)
2684,63890.994613701965,239.0423611580497,31.935090346590272,-25.79395693495549,40.58761905157648,i_39,i,"twilight_near_sun, 0",twilight
2685,63892.10577686928,308.3664241524881,64.22692356852659,29.587943516201403,16.505099064965044,r_57,r,greedy r,WFD (greedy)
2686,63892.99519061713,45.33831501595821,66.33458384505133,-30.77561092898289,159.8682530860899,r_57,r,greedy r,WFD (greedy)
2687,63893.99574345216,40.209911473679846,65.84134137130745,21.237565469980762,103.45112396897112,r_57,r,greedy r,WFD (greedy)
2688,63894.9969424159,242.93458472967922,32.35933542624855,-29.382613381514282,45.237688603921946,i_39,i,"twilight_near_sun, 0",twilight
2689,63895.99681250304,359.2527511393576,65.98505890144038,2.614813789966619,86.85050197225723,r_57,r,greedy r,WFD (greedy)
2690,63896.997511256835,33.55800359114029,62.26751499433115,54.53782550301789,64.24686998524544,r_57,r,greedy r,WFD (greedy)
2691,63897.99807462174,26.560530339371844,65.62276394476858,-13.30777396190015,126.34584454186077,r_57,r,greedy r,WFD (greedy)
2692,63898.99944507867,237.9324672706561,32.49461509192932,45.07857991544643,328.87354342699126,z_20,z,"twilight_near_sun, 0",twilight
2693,63899.99937095459,23.26602038116176,68.09475689618777,59.480207482217985,50.86012101235469,r_57,r,greedy r,WFD (greedy)
2696,63903.00194628038,245.51394091973327,32.82023242923272,38.40062745022158,338.09170642584166,r_57,r,"twilight_near_sun, 0",twilight
2697,63904.00222977894,294.4529628771513,72.29146393371391,-55.12367082725478,87.3964983864975,r_57,r,greedy r,WFD (greedy)
2698,63905.00264986001,326.07095331019474,74.12494675106886,-11.059767409457784,70.93595964425633,r_57,r,greedy r,WFD (greedy)
2699,63906.00325076209,334.20216930981474,73.78444211308283,46.305741617238745,20.840087200241985,r_57,r,greedy r,WFD (greedy)
2701,63908.004620299944,32.37646009170869,61.15689520655374,4.5690243657517575,113.12886610126009,r_57,r,greedy r,WFD (greedy)
2702,63909.00529626723,32.37142841351825,61.75419249442527,-12.80837179535033,130.52509425455443,r_57,r,greedy r,WFD (greedy)
2703,63910.005899744916,18.374200801148177,67.3292290743682,38.55551800314298,67.47118035323918,r_57,r,greedy r,WFD (greedy)
2704,63911.00742090915,229.8239290364683,31.178996061879033,25.13540981275956,347.3333513569437,r_57,r,"twilight_near_sun, 0",twilight
2705,63912.18771438554,335.0021964800483,62.28283011324777,41.24335897860541,27.15774220368943,r_57,r,"DD:XMM_LSS, 20331110, 2, 17629",DDF
2708,63915.0100032217,253.47743250272745,31.484542773784906,-39.44003015486106,59.64600292380913,z_20,z,"twilight_near_sun, 0",twilight
2709,63916.190703366214,325.82247668048615,60.11582674631141,-14.005727684116314,74.75788749612968,r_57,r,"DD:XMM_LSS, 20331114, 0, 17637",DDF
2710,63917.27500848058,289.740386212487,38.338077740565815,-52.019931510227714,87.2253181670387,u_24,u,"DD:XMM_LSS, 20331115, 0, 16749",DDF
2711,63918.10959688556,217.32371110079208,71.85585453366208,40.83813083268956,275.6835800158324,r_57,r,"DD:ELAISS1, 20331116, 3, 27089",DDF
2712,63919.01287820139,242.59605476072963,32.37468687767246,-29.97637016044745,45.70603193152514,z_20,z,"twilight_near_sun, 0",twilight
2713,63920.01295344423,324.40990791534847,64.34496905688592,-42.19778406950826,101.70560201948517,r_57,r,greedy r,WFD (greedy)
2714,63921.013652246525,324.28098669582386,64.74541418467832,44.34127860833152,15.021658230803565,r_57,r,greedy r,WFD (greedy)
2715,63922.01438077445,320.0338435241107,64.0166573090503,-31.828068966248644,87.67686393895427,r_57,r,greedy r,WFD (greedy)
2716,63923.27922967514,284.86458641286333,32.09791244952281,-53.851996693121094,86.84790282190886,u_24,u,"DD:XMM_LSS, 20331121, 0, 16767",DDF
2717,63924.1128490442,9.283131329141037,64.19283217411942,-7.556252061437301,105.48126635815679,r_57,r,"DD:XMM_LSS, 20331122, 3, 17653",DDF
2718,63925.016375327294,12.880933437335882,70.63266554946226,-57.358077233890356,158.67355991524812,r_57,r,greedy r,WFD (greedy)
2719,63926.017165672856,316.53113637897167,59.042473070551594,7.595603556235202,45.751956278313344,r_57,r,greedy r,WFD (greedy)
2720,63927.198480802625,305.9778201327508,51.89788047356687,35.112782894872176,10.225933331753176,u_24,u,"DD:XMM_LSS, 20331125, 0, 16776",DDF
2721,63928.018527587104,315.6345805237238,58.01698126236772,37.67472478918139,15.007933040716598,r_57,r,greedy r,WFD (greedy)
2724,63931.02110548661,238.3821381449112,33.3757942776437,-39.78804573634136,53.14532112710575,z_20,z,"twilight_near_sun, 0",twilight
2726,63933.02192054129,300.0748874560655,54.91018704053907,34.74624180065932,6.058966990738394,r_57,r,greedy r,WFD (greedy)
2727,63934.0224725914,310.92364717107637,72.2097601977795,-42.35493749961814,89.0727877381006,r_57,r,greedy r,WFD (greedy)
2729,63936.02356613082,329.11559355781145,74.25804929728491,48.79460212227062,13.648640408927816,r_57,r,greedy r,WFD (greedy)
2730,63937.02439843298,297.7250509211539,54.03999156834164,-59.13657532872504,98.28128436108199,r_57,r,greedy r,WFD (greedy)
2731,63938.024860645375,47.29254331593328,69.40553727339245,-23.79201658506922,154.87245877165324,r_57,r,greedy r,WFD (greedy)
2732,63939.026124175005,224.33943579768103,32.996397139265,6.619857282771949,1.764809393660828,z_20,z,"twilight_near_sun, 0",twilight
2733,63940.025847701225,334.9936436755836,74.94570350674046,-18.156563749569273,85.74133059343171,r_57,r,greedy r,WFD (greedy)
2734,63941.026566089866,312.72957334627284,73.84561405509906,-26.009537663127013,73.92583582280733,r_57,r,greedy r,WFD (greedy)
2735,63942.02718222588,59.54151895664459,68.41721610471774,-4.738006308670352,146.10556148590896,r_57,r,greedy r,WFD (greedy)
2736,63943.02824479441,230.8766195516423,33.41309853483927,-38.18088467846524,48.58600694678366,i_39,i,"twilight_near_sun, 0",twilight
2737,63944.12734630666,318.0491736187508,57.76651659809777,-28.935379106864605,83.40599307465676,r_57,r,"DD:XMM_LSS, 20331212, 0, 17689",DDF
2738,63945.206479903,287.91724195286247,36.01444850464032,-31.07524645219557,65.40425008031477,y_10,y,"DD:XMM_LSS, 20331213, 0, 16967",DDF
2742,63949.03036925576,319.1796577643014,72.894937323256,-37.70133071244497,91.49770090618239,r_57,r,greedy r,WFD (greedy)
2743,63950.03070926013,327.7477043367594,73.49255645988234,33.22515874160959,28.05401410229033,r_57,r,greedy r,WFD (greedy)
2744,63951.03182712963,231.40357397257057,33.03272364642161,-16.696493159538587,27.673028471416902,r_57,r,"twilight_near_sun, 0",twilight
2745,63952.03165244696,59.02918446696944,69.92134378161975,34.02164092651939,107.2676446012838,r_57,r,greedy r,WFD (greedy)
2746,63953.03192112236,49.12325396405597,70.2598806895749,-34.920802330637166,167.70271138445926,r_57,r,greedy r,WFD (greedy)
2747,63954.129530049155,304.36942233117816,50.81039992151486,-5.09787322171092,49.302002365904336,r_57,r,"DD:XMM_LSS, 20331222, 3, 17705",DDF
2748,63955.03319883749,228.1316676092015,29.95285893316632,-0.3327442407624833,13.549264959217533,i_39,i,"twilight_near_sun, 0",twilight
2749,63956.032824292626,314.81180354567095,72.34446363887989,-54.89929519932463,104.92370680177105,r_57,r,greedy r,WFD (greedy)
2751,63958.033417008584,58.365022851944474,66.26376105627395,26.985514698048725,112.82999785243905,r_57,r,greedy r,WFD (greedy)
2752,63959.03426109085,221.32068195985576,31.13262459790225,40.49421264704237,329.25812768732663,i_39,i,"twilight_near_sun, 0",twilight
2753,63960.03359639944,350.90086986002734,70.51995243737801,-49.085578725907936,130.97195532290652,r_57,r,greedy r,WFD (greedy)
2754,63961.034239724155,87.98781252198673,59.7775979751838,45.58616981817175,116.25840627613981,r_57,r,greedy r,WFD (greedy)
2755,63962.034131947206,306.7541235171017,67.23677782789159,36.475539003678875,7.583846087954223,r_57,r,greedy r,WFD (greedy)
2756,63963.03473934727,243.96769746016864,31.28327715984284,44.41923301150906,332.4503484380036,z_20,z,"twilight_near_sun, 0",twilight
2757,63964.03439668382,302.8988711798461,69.63760618596257,24.605469701641475,15.610284829952246,r_57,r,greedy r,WFD (greedy)
2758,63965.03450515599,299.34431699268896,63.55938667871778,21.478512622732435,17.154363182341687,r_57,r,greedy r,WFD (greedy)
2759,63966.0342663487,347.73455275463965,64.54656225439169,3.964431741554031,75.29157200794742,r_57,r,greedy r,WFD (greedy)
2760,63967.03505642034,239.80646547293895,33.516443632610724,18.373443935536066,355.29013431563345,r_57,r,"twilight_near_sun, 0",twilight
2761,63968.03461394419,61.755000184353065,62.70435105788814,50.36249614982033,91.4635045615731,r_57,r,greedy r,WFD (greedy)
2762,63969.0343329936,10.784436821195023,71.1862656126281,-46.84013919668703,146.18969800137725,r_57,r,greedy r,WFD (greedy)
2763,63970.03434051778,355.44207542477574,53.131473437213124,-21.48370769651635,107.38158383440424,r_57,r,greedy r,WFD (greedy)
2765,63972.03449038966,68.35275592144073,65.95423931832434,53.36773077320966,94.7200048533802,r_57,r,greedy r,WFD (greedy)
2766,63973.03415112187,2.4458961295567945,45.42463902293406,-6.077507374394356,98.098087431354,r_57,r,greedy r,WFD (greedy)
2767,63974.03411621696,49.26172627530296,70.9786543336413,21.439218982320167,111.5718130559354,r_57,r,greedy r,WFD (greedy)
2769,63976.03366709147,350.3289811322994,72.13344279312388,60.141020418533124,21.153842793776484,r_57,r,greedy r,WFD (greedy)
2770,63977.033416920174,8.599922502706852,70.02953147961115,-39.52273414001764,136.90588914178088,r_57,r,greedy r,WFD (greedy)
2771,63978.03332814034,330.6866488825042,43.22488490476466,36.41384792815661,27.875269420334465,r_57,r,greedy r,WFD (greedy)
2772,63979.033681395806,245.42562758806807,32.10428013974452,46.51846933217009,330.24026013724415,r_57,r,"twilight_near_sun, 0",twilight
2773,63980.03282254583,324.3210851924208,52.4881797916632,-53.587823059424,113.20207313195105,r_57,r,greedy r,WFD (greedy)
2774,63981.03257069345,332.3766836602184,42.36488645607933,30.95035461007309,34.64470485915678,r_57,r,greedy r,WFD (greedy)
2776,63983.03255367455,243.50963421749356,32.78842036829159,17.84545344973941,357.7211332573605,i_39,i,"twilight_near_sun, 0",twilight
2777,63984.031574825094,5.386270704591774,50.082999064133865,2.2156425944865683,92.32462572643176,r_57,r,greedy r,WFD (greedy)
2778,63985.03128723814,328.29059944161924,38.27031695799581,-28.42428503054603,90.20786008543502,r_57,r,greedy r,WFD (greedy)
2779,63986.128838254896,226.0253240689648,55.128431179915076,-24.107661749091836,5.688113859219795,r_57,r,"DD:EDFS_a, 20340123, 0, 46371",DDF
2780,63987.03114010857,236.44093145859816,33.18948976615652,-45.97496824184224,58.55236986159282,r_57,r,"twilight_near_sun, 0",twilight
2781,63988.03005891556,323.830294572333,72.96176378875609,-46.535563176840256,104.32449290043014,r_57,r,greedy r,WFD (greedy)
2782,63989.029821524884,63.623144823492616,62.566060645655,16.66465355334169,126.63750302683394,r_57,r,greedy r,WFD (greedy)
2783,63990.02902608811,359.2841085333003,69.90324871652774,-16.715577962115013,105.90983490936718,r_57,r,greedy r,WFD (greedy)
2786,63993.02851178262,324.0960011328482,35.752471683318795,22.78076471455189,35.30549763589428,r_57,r,greedy r,WFD (greedy)
2787,63994.027198962925,321.42894041875843,71.54878629471419,5.616901739269649,50.26766805611699,r_57,r,greedy r,WFD (greedy)
2788,63995.02721412425,248.56024898016489,31.493201974411004,52.190823288750586,326.02094965705106,r_57,r,"twilight_near_sun, 0",twilight
2789,63996.02621046944,54.34151392045131,66.44473729898093,-13.423680161812808,149.86289090745532,r_57,r,greedy r,WFD (greedy)
2790,63997.02540935045,337.9308564565746,66.39479193500148,41.193494519558854,29.49519775641286,r_57,r,greedy r,WFD (greedy)
2791,63998.02501319583,49.33071552540363,69.63199019762537,-50.50708411679886,183.29187270598078,r_57,r,greedy r,WFD (greedy)
2792,63999.024876372634,251.65452635349808,33.21412619386619,28.772528088472306,349.5853227346841,z_20,z,"twilight_near_sun, 0",twilight
2793,64000.02394331213,67.84698351030974,32.194169910364295,58.68098518130787,84.31019651836365,r_57,r,greedy r,WFD (greedy)
2794,64001.30089418254,318.6733106499206,49.767258057007794,-43.533099010587385,98.63446361222012,y_10,y,"DD:COSMOS, 20340207, 0, 7521",DDF
2795,64002.21681418441,7.272913606629598,57.430934089004545,-51.475699871824204,147.66612035295984,r_57,r,"DD:COSMOS, 20340208, 2, 8177",DDF
2796,64003.02239138222,244.27716637849142,33.62966167435034,15.178320022813033,0.012638587668007536,z_20,z,"twilight_near_sun, 0",twilight
2797,64004.021165592385,44.292985069237076,45.89789387397236,-17.313060988824862,144.33867088854984,r_57,r,greedy r,WFD (greedy)
2798,64005.02044103091,323.4255400984607,72.89424579672875,22.489845309215127,34.93009358403432,r_57,r,greedy r,WFD (greedy)
2799,64006.01973550495,31.24443411603569,46.705623377442826,32.842880379407895,83.87514210655881,r_57,r,greedy r,WFD (greedy)
2801,64008.0182200244,347.4702947282259,64.06159503367196,-0.08210511531118596,79.05636976789962,r_57,r,greedy r,WFD (greedy)
2802,64009.01761663673,17.792026432970026,43.01813723154364,-52.22742151269474,157.88628133364708,r_57,r,greedy r,WFD (greedy)
2803,64010.01692825986,316.2586550175951,71.66910788530997,12.251247210575691,39.06274181752035,r_57,r,greedy r,WFD (greedy)
2804,64011.016696531995,249.04292342493937,32.72655027702775,-45.7615532952564,63.36003894705848,r_57,r,"twilight_near_sun, 0",twilight
2805,64012.01538189534,39.18563486832285,49.444324081294695,-30.250894752284257,153.20362109328727,r_57,r,greedy r,WFD (greedy)
2806,64013.01484118273,293.6086333219218,74.99074612718192,-20.115040131588046,50.3324259350492,r_57,r,greedy r,WFD (greedy)
2807,64014.01386249501,320.96906716652836,70.5714112989854,28.48611944367955,27.123177161518143,r_57,r,greedy r,WFD (greedy)
2808,64015.01363054519,249.2767756442494,33.404788106196925,-37.99775003315205,55.26595120762327,z_20,z,"twilight_near_sun, 0",twilight
2809,64016.01224103441,32.64657150488321,51.01185273948531,-39.656990139170624,157.3174244500159,r_57,r,greedy r,WFD (greedy)
2810,64017.12331463066,229.18310833536017,36.53858339244848,-37.60644154212066,43.35403164584611,u_24,u,"DD:EDFS_a, 20340223, 0, 45485",DDF
2811,64018.01087486338,298.1665735041932,73.01042300343389,45.21468179318189,349.7884188709372,r_57,r,greedy r,WFD (greedy)
2812,64019.01041245042,252.8161524732475,32.0863175547129,23.164033958453768,356.19646280413536,r_57,r,"twilight_near_sun, 0",twilight
2813,64020.00924358502,62.0834085384857,38.60603958846832,-55.03960882952165,194.66244370974482,r_57,r,greedy r,WFD (greedy)
2814,64021.008177766926,336.9445227441857,73.47661054391764,-55.502093914010615,124.81612328016186,r_57,r,greedy r,WFD (greedy)
2815,64022.00750450421,311.14118577724986,70.8217474994938,7.610755630182401,39.385758193612844,r_57,r,greedy r,WFD (greedy)
2816,64023.217510211936,51.34581412370386,81.72183384791823,-23.358013373671234,161.38637022277734,i_39,i,"pair_33, iz, bs 52, a",WFD (pairs)
2817,64024.00563122886,347.8280087496297,63.95067903541679,12.405063722499877,66.87385332254668,r_57,r,greedy r,WFD (greedy)
2818,64025.004861093184,33.45333504712399,53.67160579587301,-7.3509936210488815,125.6206421772387,r_57,r,greedy r,WFD (greedy)
2819,64026.004008522366,32.6571833455458,57.76696614610238,51.35982746124278,66.2691675637249,r_57,r,greedy r,WFD (greedy)
2820,64027.00365631233,264.07800199536155,32.4381160036538,-25.508305251600788,49.113255266970484,i_39,i,"twilight_near_sun, 0",twilight
2821,64028.002534900006,61.93984993008825,40.654718329708956,21.69193305462484,117.86292916068015,r_57,r,greedy r,WFD (greedy)
2823,64030.00057063819,25.318880213861192,58.31481748926834,55.32946138925847,56.17629217986109,r_57,r,greedy r,WFD (greedy)
2824,64031.00033064643,250.72437827892358,33.655821872671055,57.597395945469174,320.05798932935585,i_39,i,"twilight_near_sun, 0",twilight
2827,64033.99716088449,35.653757242964836,61.7061348558761,-32.97518832279525,153.24399969738226,r_57,r,greedy r,WFD (greedy)
2828,64034.996812151716,258.51684072495436,33.84623172841442,37.41638842819739,343.3216814074588,i_39,i,"twilight_near_sun, 0",twilight
2835,64041.99017219924,11.918431852312798,59.745270108563666,17.898395935085006,82.20073183720473,r_57,r,greedy r,WFD (greedy)
2836,64042.98986199414,262.4098118151726,33.325943066548746,17.885307344286762,4.6795557966989465,z_20,z,"twilight_near_sun, 0",twilight
2838,64044.98761487505,17.979707381702152,56.129248713247684,-14.758467099688932,120.06625708951154,r_57,r,greedy r,WFD (greedy)
2840,64047.097801857,348.65143624047596,68.39142491215335,35.447203696526046,44.53025654272326,i_39,i,"pair_33, iz, bs 46, a",WFD (pairs)
2841,64047.98521638891,50.30927055568643,55.13553553385104,-7.607947743097503,139.3829059113223,r_57,r,greedy r,WFD (greedy)
2845,64052.097465950836,223.5736980195225,56.31211737682195,10.13167663550072,327.5474252762001,i_39,i,"pair_33, iz, bs 52, a",WFD (pairs)
2847,64053.98003585894,13.576958963102703,60.01089465992401,-51.55976263201578,153.0960910779906,r_57,r,greedy r,WFD (greedy)
2848,64055.104480722504,297.9646257559903,82.14102896557456,32.06910018577828,359.4715914619096,i_39,i,"pair_33, iz, bs 52, a",WFD (pairs)
2849,64055.97842203116,31.434443456238682,54.80095594898137,-14.222723279378533,130.86089921499232,r_57,r,greedy r,WFD (greedy)
2851,64057.97700294524,55.842444766479005,44.54553330468926,-7.906693629223325,143.4500805115027,r_57,r,greedy r,WFD (greedy)
2852,64059.101037720364,341.0568021983401,56.40778880480546,45.6696805816167,27.94233585886049,y_10,y,"DD:COSMOS, 20340406, 0, 7561",DDF
2855,64061.973673729495,31.504505860209303,54.85201431271126,53.362550080531946,63.34276965156697,r_57,r,greedy r,WFD (greedy)
2856,64062.97330193921,278.55990435268404,32.67452061847746,19.23186526118483,10.60946777784735,i_39,i,"twilight_near_sun, 0",twilight
2859,64065.9705785521,14.873714820980044,67.84076820506714,-3.99821714388728,106.80799047374826,r_57,r,greedy r,WFD (greedy)
2860,64066.97032684622,277.5444124826999,33.55155080088138,-10.35671381220901,39.577820378162876,r_57,r,"twilight_near_sun, 0",twilight
2861,64067.96913291078,345.96575285967083,66.14657506578955,3.87671775969557,73.7675159916158,r_57,r,greedy r,WFD (greedy)
2863,64070.08640677079,331.7598492094979,54.16267991381862,-14.175112058503625,79.93706677286752,r_57,r,"DD:COSMOS, 20340417, 3, 8301",DDF
2864,64070.967457581835,281.5142041658444,32.05260148282382,-10.290379462114563,41.59791462443703,r_57,r,"twilight_near_sun, 0",twilight
2865,64072.09143037549,326.1052181044502,52.76125763508806,-0.7195320117626967,61.809273420155776,r_57,r,"DD:COSMOS, 20340419, 3, 8305",DDF
2867,64073.96498726489,1.5139530071968461,66.82883091848286,7.8189109913220385,83.34693349316149,r_57,r,greedy r,WFD (greedy)
2870,64076.963133824705,32.513974410955214,61.50966111824132,15.36522321571751,102.32766674733908,r_57,r,greedy r,WFD (greedy)
2871,64077.96266174751,51.54596248424541,44.59117048729214,-4.651388954650213,137.1932403741651,r_57,r,greedy r,WFD (greedy)
2872,64078.96229071153,278.26586844079605,32.76064219446736,-57.67824638876923,87.35344261514112,z_20,z,"twilight_near_sun, 0",twilight
2874,64080.96066600712,355.2973248821656,67.73864809830609,-44.81004318434053,130.56199316826095,r_57,r,greedy r,WFD (greedy)
2877,64083.959000692885,16.16091805788386,57.14040454406015,-11.102481239081516,114.90721132431636,r_57,r,greedy r,WFD (greedy)
2878,64084.95846222028,11.346706282839087,57.218277607414315,4.221739693155454,95.45182864239038,r_57,r,greedy r,WFD (greedy)
2879,64085.957959249674,12.84711448406997,58.452700180079766,-59.12578129460681,160.08633398050836,r_57,r,greedy r,WFD (greedy)
2880,64086.95782354832,280.14777365751627,32.42706636826316,-40.68949933713751,71.2933527264999,r_57,r,"twilight_near_sun, 0",twilight
2883,64089.955913472295,18.073337382287445,66.68167936902036,-19.429195990030603,125.02190634187303,r_57,r,greedy r,WFD (greedy)
2884,64090.955810635096,293.0143562936058,32.1430649866187,5.778412348678946,31.351101049339473,i_39,i,"twilight_near_sun, 0",twilight
2885,64091.95507295808,30.51414310855006,65.75727765303321,-32.38096696802724,148.64824191034884,r_57,r,greedy r,WFD (greedy)
2886,64092.95464954856,0.0114031859608291,67.63431265450377,-56.0912376186531,145.98283978714954,r_57,r,greedy r,WFD (greedy)
2887,64093.954222716166,354.80096699372297,57.00374479397654,53.64399648460091,31.73877181567438,r_57,r,greedy r,WFD (greedy)
2888,64094.95414147757,290.1505716518954,31.560989918016386,-47.05956312764879,82.67020094482163,r_57,r,"twilight_near_sun, 0",twilight
2889,64095.95346964837,31.130891902454113,50.74295344305749,-44.13134341734312,160.6926575428623,r_57,r,greedy r,WFD (greedy)
2891,64097.952718975524,334.5282770261003,72.97527634609453,58.69295690682326,8.5927150319361,r_57,r,"ToO, neutrino, r, 1112, i2, 868",ToO
2896,64103.202669992344,69.00026972090579,64.8243696935824,57.520823624556826,91.16996175820475,u_24,u,"pair_33, ug, bs 52, a",WFD (pairs)
2897,64103.950964671916,320.20131359319026,70.50197191793363,-35.00442651007538,90.01282469521526,r_57,r,"ToO, neutrino, r, 1112, i7, 879",ToO
2898,64104.95057996018,24.392795699304415,66.37695940273784,15.890026986574506,95.19077207350666,r_57,r,greedy r,WFD (greedy)
2899,64105.95050026348,45.34519737003892,62.46722376070776,-8.759463370593146,137.28343665790692,r_57,r,greedy r,WFD (greedy)
2902,64108.94971247459,342.6513253680422,67.8683133477544,-41.1839016148965,115.96924504628987,r_57,r,greedy r,WFD (greedy)
2903,64109.949590507924,355.1871183518358,55.868055655535926,60.33299215822256,25.41842055933551,r_57,r,greedy r,WFD (greedy)
2904,64110.949722680736,290.4857141513756,31.390554839546347,-14.574942391273474,50.36658891634746,i_39,i,"twilight_near_sun, 0",twilight
2905,64111.94919013294,4.299606857920619,68.17752102600538,19.041389224920895,74.64867342855601,r_57,r,greedy r,WFD (greedy)
2906,64112.94912718035,5.478453891139829,68.20654516827183,57.2908827370724,37.43315671618013,r_57,r,greedy r,WFD (greedy)
2907,64113.94899579908,4.003177608925683,67.5594573029296,-51.97511430050541,145.40692626918536,r_57,r,greedy r,WFD (greedy)
2909,64115.949182984245,78.83077498737119,37.66514539670284,8.441974978833212,141.0803908246599,r_57,r,greedy r,WFD (greedy)
2914,64120.94864704381,41.409325380146655,40.68178876983181,-4.690471817476157,130.14254494281937,r_57,r,greedy r,WFD (greedy)
2915,64121.948575023045,26.30295728747614,51.916811196296244,-40.65484219470041,153.25610075606184,r_57,r,greedy r,WFD (greedy)
2916,64122.94890548199,285.9342876027104,33.91420990288972,-30.820745145406143,64.1736862855026,i_39,i,"twilight_near_sun, 0",twilight
2919,64125.94858753607,15.534892887820323,68.69765292233346,26.41170530824993,77.15371288987598,r_57,r,greedy r,WFD (greedy)
2920,64126.9490550113,287.6137458106516,33.45384181299456,59.82686813971034,334.4358897039818,r_57,r,"twilight_near_sun, 0",twilight
2923,64129.94890164861,15.213846514222046,69.11318493381211,22.2916749397137,81.02337681242638,r_57,r,greedy r,WFD (greedy)
2927,64133.949405613595,16.74022254923398,69.33745417981545,12.01247514546672,92.66087758955717,r_57,r,greedy r,WFD (greedy)
2928,64135.32464094886,31.138585435737536,71.21004933819259,-15.018205041130102,132.5145106340405,u_24,u,"pair_33, ug, bs 52, a",WFD (pairs)
2929,64135.94986190534,32.18254950987178,45.22000981037193,24.340289281934556,93.51359566451158,r_57,r,greedy r,WFD (greedy)
2930,64136.950096290755,45.68931764825872,36.92541346677721,11.852259236867079,117.20553265180733,r_57,r,greedy r,WFD (greedy)
2931,64137.950526838955,282.6200384061453,74.67323009635432,-35.50993747116845,55.96671871061467,r_57,r,greedy r,WFD (greedy)
2932,64138.95067903428,288.27814992487356,33.05328921254977,7.4906912922270505,27.161944350661184,r_57,r,"twilight_near_sun, 0",twilight
2933,64139.95056048916,9.058392653528383,54.74109269651625,46.65874055970369,51.225325928739046,r_57,r,greedy r,WFD (greedy)
2934,64140.950798946855,24.830289541340964,49.87418885977774,20.778131062488377,90.73390521009202,r_57,r,greedy r,WFD (greedy)
2935,64141.95101752214,24.00412150390056,50.066909901798226,-2.6209735328736885,113.43347873922234,r_57,r,greedy r,WFD (greedy)
2939,64145.951967902736,33.912499397417804,66.66977692214155,-57.41882158312868,176.83673727525874,r_57,r,greedy r,WFD (greedy)
2941,64148.091336709746,299.45716756766336,76.39784095445354,-32.652150478531254,68.05923388911174,i_39,i,"pair_33, iz, bs 52, a",WFD (pairs)
2946,64152.95383359697,20.28968628554483,65.74487744026072,-19.77759497134516,127.44920503007117,r_57,r,greedy r,WFD (greedy)
2948,64154.95471978227,302.3357716450895,30.83258477252585,55.00717461007116,347.4335967530847,i_39,i,"twilight_near_sun, 0",twilight
2949,64155.9548075159,332.57210085364443,74.09121818243352,46.28798677042512,19.32657953880365,r_57,r,greedy r,WFD (greedy)
2951,64157.95538174051,20.76267298478918,68.63728809745723,34.68498188284453,73.54589221463314,r_57,r,greedy r,WFD (greedy)
2952,64158.95603460664,296.7644434143759,31.81514425235035,-42.20939637136454,81.51598117718548,z_20,z,"twilight_near_sun, 0",twilight
2953,64159.956359198404,63.98303083059497,67.57404502526161,50.493172818817655,94.72000831973307,r_57,r,greedy r,WFD (greedy)
2954,64160.95633289638,12.08272874301723,72.67586063839707,3.984110980053803,96.83152263870097,r_57,r,greedy r,WFD (greedy)
2955,64161.956677599745,17.520423334341103,70.64176624218102,-17.97630272354208,123.49342668774888,r_57,r,greedy r,WFD (greedy)
2956,64162.95756745408,269.91116381175783,27.512633236049062,-41.34144459118602,68.54752984263187,r_57,r,"twilight_near_sun, 0",twilight
2977,64183.96431255008,353.34185642199,72.77467952378292,27.010841003113576,57.24472824429909,r_57,r,greedy r,WFD (greedy)
2978,64184.964691797424,349.4713955713029,68.0503603291715,27.31918014052283,53.64872769439356,r_57,r,greedy r,WFD (greedy)
2980,64186.96585700548,279.7389704903771,33.13759379202868,13.597541223757762,16.91782352418229,z_20,z,"twilight_near_sun, 0",twilight
2981,64187.96574379173,350.25813484341523,68.36784042705216,-25.188707042505964,106.84268712375956,r_57,r,greedy r,WFD (greedy)
2982,64188.96614148982,1.68231982957396,73.33504042210693,-46.17335106169571,137.84268015328757,r_57,r,greedy r,WFD (greedy)
2983,64189.966448385094,357.67386351592916,67.64837684525834,14.19189253106623,73.94986984828112,r_57,r,greedy r,WFD (greedy)
2984,64190.966854648905,339.5079861314806,68.88856347565799,-50.73870434390433,123.00082316153048,r_57,r,greedy r,WFD (greedy)
2985,64191.96714543199,344.6775701862916,68.11652866450453,-29.67572458346932,106.47790166443386,r_57,r,greedy r,WFD (greedy)
2986,64192.967555059855,345.97843790513707,69.31340998368901,-51.302873685430754,129.19882209952505,r_57,r,greedy r,WFD (greedy)
2987,64193.9680837089,52.67767443406081,70.53841154460083,6.95057423568552,129.32560238181568,r_57,r,greedy r,WFD (greedy)
2988,64194.96860222641,286.39720195363805,31.977481883190695,-40.69907801581726,74.62028818802445,z_20,z,"twilight_near_sun, 0",twilight
2989,64196.3237385629,199.06016042581436,75.65288747094735,-45.51673148198659,338.422731571734,r_57,r,"DD:ELAISS1, 20340821, 2, 28108",DDF
2990,64197.20496401306,12.96803517842172,73.242448892274,36.57085751322613,65.0202484546846,i_39,i,"pair_33, iz, bs 52, a",WFD (pairs)
2991,64198.20580356713,80.00372737736335,27.330761779482337,38.50065848189307,110.126141990457,r_57,r,"ToO, neutrino, r, 1142, i2, 886",ToO
2993,64200.316952605586,40.50805990482821,59.31201674163076,6.232153125902952,117.97138387442989,r_57,r,"ToO, neutrino, r, 1142, i5, 892",ToO
2998,64204.97175269353,17.848175254393173,52.354608904760816,58.36925755304276,47.263198550041245,r_57,r,greedy r,WFD (greedy)
2999,64205.972097023296,347.9240568200456,53.474203094558646,-47.358606565884735,127.08001832303029,r_57,r,greedy r,WFD (greedy)
3001,64207.972815167836,15.664785900686981,50.35372180482729,12.112903615358364,91.71327049617886,r_57,r,greedy r,WFD (greedy)
3002,64208.973067952174,343.0389215631734,72.62295132409714,-28.843673853529566,104.0151383906221,r_57,r,greedy r,WFD (greedy)
3005,64211.974465007224,63.50427964212197,58.43220962278712,33.3514774111202,109.38309712599462,r_57,r,greedy r,WFD (greedy)
3006,64212.974580010785,5.477058903171193,53.11527004942238,11.698151721816277,83.25637872815007,r_57,r,greedy r,WFD (greedy)
3007,64213.97494104828,32.617805508654456,69.19132330004462,-45.401111164170324,164.0545732964773,r_57,r,greedy r,WFD (greedy)
3008,64214.975690629224,278.77253944117314,33.3818515253322,-50.38295541292762,80.49969584600169,i_39,i,"twilight_near_sun, 0",twilight
3009,64216.32793685044,356.6171521331097,64.24509291981877,2.3232315956762752,84.63057770626232,r_57,r,"DD:XMM_LSS, 20340910, 3, 18696",DDF
3010,64216.97622262483,55.56659126508368,60.04089370940071,-24.303631202035852,161.0383713988745,r_57,r,greedy r,WFD (greedy)
3013,64219.977199107336,358.16659426337236,46.5476193608939,24.55265976866613,64.01803532761029,r_57,r,greedy r,WFD (greedy)
3014,64220.977657168616,47.326166847878454,63.60448386026977,-25.824002944837986,156.3195921214775,r_57,r,greedy r,WFD (greedy)
3015,64222.20107550512,207.4058710212607,84.96141379349878,24.490599040397885,274.4524093638583,r_57,r,"pair_33, gr, bs 37, a",WFD (pairs)
3016,64223.08934243142,353.6583511613419,74.40552618921949,55.88077343035524,28.594045175718414,i_39,i,"pair_33, iz, bs 52, a",WFD (pairs)
3017,64223.97877445618,42.36805801949655,60.14536872965141,-48.28396673349133,174.35036689940378,r_57,r,greedy r,WFD (greedy)
3018,64224.979094202856,32.180266202419965,51.57794256396826,-20.15473195951607,137.76782595499233,r_57,r,greedy r,WFD (greedy)
3019,64225.9795328278,351.4805060949924,44.42673969856253,-31.106210670525734,113.69322986450283,r_57,r,greedy r,WFD (greedy)
3021,64227.9803091994,341.5568618540871,48.856258513744386,29.866269689700946,44.255650314919436,r_57,r,greedy r,WFD (greedy)
3027,64233.98273418596,20.885037344136926,72.08727637761802,44.78422040670018,63.84517123433468,r_57,r,greedy r,WFD (greedy)
3028,64234.98377017544,257.9626101263087,33.97631984109439,12.285782376762656,8.446943561936529,r_57,r,"twilight_near_sun, 0",twilight
3029,64235.983664687716,31.98398366427244,53.30613103404076,-13.945302699271863,131.33734750764052,r_57,r,greedy r,WFD (greedy)
3030,64236.98402733388,358.7261694553617,72.95411058171196,36.710306421041395,52.34067591957344,r_57,r,greedy r,WFD (greedy)
3031,64237.984708478405,50.59956762542869,44.36191126519029,-51.92108232921029,183.93850860566974,r_57,r,"ToO, neutrino, r, 1154, i2, 923",ToO
3032,64238.985156657385,49.390298317605975,45.12090532503886,-29.17331773360311,160.29377248922225,r_57,r,"ToO, neutrino, r, 1154, i5, 929",ToO
3033,64239.98540598899,341.9916103664952,72.05582940730811,-30.591164266339906,104.86218166632568,r_57,r,greedy r,WFD (greedy)
3034,64240.98594796602,339.09703691784006,73.1336440776155,60.06124963383234,11.571614595303364,r_57,r,greedy r,WFD (greedy)
3035,64241.986536610275,45.544202553930894,47.32006575331127,25.14460486870429,103.06021822650992,u_24,u,"ToO, neutrino, u, 1154, i0, 918",ToO
3036,64242.98738625776,267.3908789778117,32.74807785839092,14.233959827479884,10.942251509443363,z_20,z,"twilight_near_sun, 0",twilight
3037,64243.987486945836,42.78493844109144,48.71275949141487,-58.948483123030044,185.00967040006762,r_57,r,"ToO, neutrino, r, 1154, i7, 934",ToO
3038,64244.98787000899,15.317959943682155,57.78733346304508,-36.961988223587255,140.29993496252231,r_57,r,greedy r,WFD (greedy)
3039,64245.98830896851,19.005993098134297,69.81523745278677,17.69725481067016,89.10531922780613,r_57,r,greedy r,WFD (greedy)
3040,64246.989512307635,250.50946068110514,32.8727504620862,-14.438144372728804,32.765103188067876,i_39,i,"twilight_near_sun, 0",twilight
3041,64247.989394795775,14.11434830821647,61.3103170235367,51.937444192324016,50.37246117921159,r_57,r,greedy r,WFD (greedy)
3043,64249.990377187234,13.362889008620987,70.0810754939215,-4.804700720869071,106.67291029336616,r_57,r,greedy r,WFD (greedy)
3044,64250.99177798239,229.32246016223144,27.288811284178756,29.84569811444828,346.5191027102781,r_57,r,"twilight_near_sun, 0",twilight
3045,64251.99154451347,335.796366380258,61.97147622978114,58.168490713898606,11.194719089324071,r_57,r,greedy r,WFD (greedy)
3046,64252.992070637745,333.96641355022365,60.10115242262806,-3.620440156965196,71.4765687663691,r_57,r,greedy r,WFD (greedy)
3048,64254.99379128961,254.88555005099863,32.13374692988983,50.29417806947946,330.10750552493477,r_57,r,"twilight_near_sun, 0",twilight
3049,64255.99388858873,44.66329274244062,62.979728793201964,-29.61362538991539,157.73169654710279,r_57,r,greedy r,WFD (greedy)
3051,64257.99551994986,254.9451534198655,73.68758824438939,-48.10260464965509,43.242728694779096,r_57,r,greedy r,WFD (greedy)
3052,64258.996087229265,257.6979087033174,31.51104089774249,17.90035149661964,3.8538956470470285,z_20,z,"twilight_near_sun, 0",twilight
3053,64259.99608608191,337.12383311651075,73.30087066771652,35.80991055253925,34.01658749471181,r_57,r,greedy r,WFD (greedy)
3054,64260.99673847096,330.235947474143,71.53543879640709,15.365685682051604,48.56082271601395,r_57,r,greedy r,WFD (greedy)
3055,64261.997231407644,0.5230165959692444,72.98102146814462,1.3186603079851842,89.26215385895271,r_57,r,greedy r,WFD (greedy)
3056,64262.99859940544,246.1372352313375,32.153235992386534,14.108867123698232,3.055140153629882,z_20,z,"twilight_near_sun, 0",twilight
3057,64263.998544643124,11.026822338687648,59.77851545158653,-40.8549331224343,140.4568544230768,r_57,r,greedy r,WFD (greedy)
3058,64264.99912676009,357.5427938924584,73.36261341825299,-32.25992989150787,120.18490081944064,r_57,r,greedy r,WFD (greedy)
3059,64265.99980131796,353.30633742369577,60.97864924265034,-26.523326107011364,110.85159800179173,r_57,r,greedy r,WFD (greedy)
3060,64267.00115956128,241.61399755987787,31.30585704022631,11.747867679185527,4.434773385691526,r_57,r,"twilight_near_sun, 0",twilight
3061,64268.00113934414,328.93683970369295,57.151959005756915,-6.038325013433745,69.69695956115356,r_57,r,greedy r,WFD (greedy)
3062,64269.00180926078,34.962300564046984,57.81342654347848,-30.094642990136997,149.83868934667692,r_57,r,greedy r,WFD (greedy)
3063,64270.00263101817,55.78352874053071,43.69009619884525,46.07591972078331,89.4796888505909,r_57,r,greedy r,WFD (greedy)
3064,64271.00376134351,244.02215044139706,33.04911669307967,-15.08963324637648,30.870399250541237,z_20,z,"twilight_near_sun, 0",twilight
3065,64272.0038257218,323.0233831770727,53.409451551597066,-5.671456070900782,64.50026429181128,r_57,r,greedy r,WFD (greedy)
3066,64273.004424291845,333.7185990218266,72.89012859439279,-9.076843718335404,75.88571693684347,r_57,r,greedy r,WFD (greedy)
3070,64277.103769664864,39.075055545133694,58.610600037268796,-25.001611421015372,148.00093017933526,u_24,u,"DD:XMM_LSS, 20341108, 0, 17927",DDF
3071,64278.007857829856,14.308619870890602,70.75331133015051,56.971022482515785,45.65398779126728,r_57,r,greedy r,WFD (greedy)
3073,64280.00918370311,341.66347383538,68.10523799738539,28.244466292363786,45.83987123703577,r_57,r,greedy r,WFD (greedy)
3074,64281.009980911884,326.55658598201774,51.38324172433996,45.07117323854463,16.55329862614756,r_57,r,greedy r,WFD (greedy)
3076,64283.01207198267,235.82822364859902,32.06982965375126,-19.474909307135942,33.06762593217048,r_57,r,"twilight_near_sun, 0",twilight
3077,64284.01193714603,13.64277317222964,72.99293123982866,14.846549247152161,87.27506584523589,r_57,r,greedy r,WFD (greedy)
3078,64285.01270210407,7.321840351544724,61.464591360850775,14.001801416934706,82.33673195459117,r_57,r,greedy r,WFD (greedy)
3079,64286.01343390607,30.09072000915005,55.27716850072705,-27.38312594539514,143.01692177438463,r_57,r,greedy r,WFD (greedy)
3080,64287.01480886629,242.56460634141226,32.09224445556151,-33.29970025865298,49.228090336981545,i_39,i,"twilight_near_sun, 0",twilight
3081,64288.01535869309,261.5559392172086,71.61815219407764,-45.87428822233533,48.54994153845781,r_57,r,greedy r,WFD (greedy)
3082,64289.015431681466,345.0586698327146,72.6240522294821,20.84777385264493,55.94283740599259,r_57,r,greedy r,WFD (greedy)
3083,64290.0161327446,352.1605241684409,67.10714443654686,34.99512523177882,48.19461994562565,r_57,r,greedy r,WFD (greedy)
3085,64292.01749379321,346.8109577452025,67.37938921505021,-20.734690205986517,99.26430222210857,r_57,r,greedy r,WFD (greedy)
3086,64293.018231750546,13.648278398557007,56.14808341817723,-34.65955426637776,136.4028125412759,r_57,r,greedy r,WFD (greedy)
3087,64294.018895282235,16.058241828166302,57.04793130477844,-4.86331712003308,108.65381354334201,r_57,r,greedy r,WFD (greedy)
3088,64295.02039164603,223.86802015674417,31.308254155921176,5.61603549514088,4.812800353994918,r_57,r,"twilight_near_sun, 0",twilight
3089,64296.02020737375,13.0515130231646,58.30768024148533,51.0451417703377,50.163100799198105,r_57,r,greedy r,WFD (greedy)
3090,64297.02085960329,12.721292798769596,57.79147006068873,45.72031069027442,55.20261465025146,r_57,r,greedy r,WFD (greedy)
3091,64298.02150333501,6.653189068635956,57.4413494196184,50.70733635193825,45.00084674534817,r_57,r,greedy r,WFD (greedy)
3092,64299.02294094417,227.8852427029156,32.06399839281775,42.04874551097334,328.7837760592445,z_20,z,"twilight_near_sun, 0",twilight
3093,64300.02277208014,342.45425495857876,72.4312723420742,57.31382192677439,17.140206049459994,r_57,r,greedy r,WFD (greedy)
3094,64301.02336441402,27.744854863342916,67.97883866331992,-3.3209246744857146,117.38039051029813,r_57,r,greedy r,WFD (greedy)
3095,64302.02398531791,334.48387535796076,62.087312467352476,-53.29994412914897,121.37396738048474,r_57,r,greedy r,WFD (greedy)
3096,64303.0252010127,250.61009311830608,30.466811488088748,-49.85960362739035,69.56324873376961,r_57,r,"twilight_near_sun, 0",twilight
3097,64304.025160665115,332.13243421700327,63.83566110889633,-12.116154572836694,78.11814499836872,r_57,r,greedy r,WFD (greedy)
3098,64305.02564400901,353.7467867391493,72.39289436812764,-27.51346455508804,111.92752252990826,r_57,r,greedy r,WFD (greedy)
3099,64306.02623418043,355.32456596251393,72.69906086888805,-38.07115798882432,123.87102149643445,r_57,r,greedy r,WFD (greedy)
3101,64308.02729273303,10.586341950403748,72.3909349478057,-35.21166591007398,134.50306767150724,r_57,r,greedy r,WFD (greedy)
3104,64311.02961493188,230.82597359625638,32.99480618512654,16.945822099045813,353.87962881709825,z_20,z,"twilight_near_sun, 0",twilight
3105,64312.02923647865,343.295058515374,73.36488702142034,22.752349564745533,52.33667087227996,r_57,r,greedy r,WFD (greedy)
3106,64313.029655845145,351.9718876455916,72.28341091552277,-18.701470518158125,101.51890198989233,r_57,r,greedy r,WFD (greedy)
3107,64314.030078547425,357.50302275203944,73.03380514024512,19.118153714347525,68.57728630153792,r_57,r,greedy r,WFD (greedy)
3108,64315.03126941134,242.51239213139152,32.15244382488451,-37.526037199421985,53.32005824421476,z_20,z,"twilight_near_sun, 0",twilight
3109,64316.03098979228,31.730064877876725,54.79274858135009,52.970364079067394,63.911298265048785,r_57,r,greedy r,WFD (greedy)
3110,64317.0315545987,304.50242463877794,54.8198342751352,-23.219897751363607,67.32414655460413,r_57,r,greedy r,WFD (greedy)
3111,64318.031710242045,331.34627246748715,53.61135651106641,-28.658857294204292,94.11032874125387,r_57,r,greedy r,WFD (greedy)
3112,64319.032692380955,244.61806479947495,32.02600324829924,25.41345893752043,351.2053601987453,r_57,r,"twilight_near_sun, 0",twilight
3113,64320.03237601146,326.2343788027868,50.661529315263856,19.41772206271124,41.774523346330234,r_57,r,greedy r,WFD (greedy)
3114,64321.0326062885,341.674032295413,58.79899745786057,-5.010430937492068,79.16508712085752,r_57,r,greedy r,WFD (greedy)
3115,64322.03279468481,13.547781394872757,72.09934154786296,17.143376296599975,84.7046197967238,r_57,r,greedy r,WFD (greedy)
3116,64323.03380776779,243.76255631035855,31.546019638656695,-40.79626874444064,57.43478164913718,i_39,i,"twilight_near_sun, 0",twilight
3117,64324.03335063756,18.7698290747084,57.002039144448275,21.40485145394374,84.59326411763821,r_57,r,greedy r,WFD (greedy)
3118,64325.298109988355,228.03031756315528,31.882820832650342,-50.001230660556445,60.573515967658956,y_10,y,"DD:EDFS_a, 20341228, 0, 46861",DDF
3119,64326.03371236283,26.703846341765473,60.632316941761104,-26.657720227923956,139.3895407199621,r_57,r,greedy r,WFD (greedy)
3120,64327.03469367006,227.6292717732064,32.49512154138944,-40.52488399804373,50.66165873990447,i_39,i,"twilight_near_sun, 0",twilight
3121,64328.03399621049,25.69785367808223,69.44188184472536,-19.248396004223107,131.56313339119137,r_57,r,greedy r,WFD (greedy)
3123,64330.03415024301,352.2791577273675,70.16041465794547,-4.237395268075617,87.32605573682584,r_57,r,greedy r,WFD (greedy)
3126,64333.03432823023,337.04223593557555,66.48184351061595,6.0402964273341935,63.92891675729886,r_57,r,greedy r,WFD (greedy)
3128,64335.035007663035,244.15213000132755,31.728361717838972,22.71096239330673,353.88956638862953,i_39,i,"twilight_near_sun, 0",twilight
3129,64336.03428328729,336.9951831419237,64.77302554703563,54.20559689358259,15.793901847306296,r_57,r,greedy r,WFD (greedy)
3130,64337.03416131835,341.82593404670865,65.93517295741255,-7.771922610157195,81.87743338080988,r_57,r,greedy r,WFD (greedy)
3131,64338.03410204504,345.2548625720357,65.78368459923759,49.111257351492824,27.956970807132233,r_57,r,greedy r,WFD (greedy)
3132,64339.03480839708,227.38290457237414,31.172417413410315,-48.20410768492918,59.73865200468599,z_20,z,"twilight_near_sun, 0",twilight
3133,64340.033869033825,355.08397696258623,61.080595121771076,-54.04924509285875,139.6494261902427,r_57,r,greedy r,WFD (greedy)
3134,64341.03365221525,344.86370129874103,65.73237378225592,27.553505450488352,49.17171385851015,r_57,r,greedy r,WFD (greedy)
3136,64343.034066862965,234.04101522934837,33.69338285516427,41.16933675750696,330.0471045995062,i_39,i,"twilight_near_sun, 0",twilight
3138,64345.032778886154,21.063048273489898,67.85151240158372,34.11387884348222,74.04576240502436,r_57,r,greedy r,WFD (greedy)
3139,64346.03278116159,304.1640456272474,63.66857105177379,-14.259063891574424,56.77787397719761,r_57,r,greedy r,WFD (greedy)
3140,64347.032985970865,239.11385717464165,33.20033442278692,-23.59520577542636,37.19768760219743,i_39,i,"twilight_near_sun, 0",twilight
3141,64348.032016272555,325.21162626622424,70.05268350152107,-38.24665612545515,97.65420438996237,r_57,r,greedy r,WFD (greedy)
3142,64349.03164374526,355.7123018618748,60.859892746649294,60.28182824343087,25.845228506585396,r_57,r,greedy r,WFD (greedy)
3143,64350.03126582419,344.8047711208619,60.532378769623485,-51.58934957429194,128.33600371028962,r_57,r,greedy r,WFD (greedy)
3144,64351.031615128544,238.4668008257641,31.594252999582665,39.23521136826617,335.4539071483215,z_20,z,"twilight_near_sun, 0",twilight
3145,64352.030486157164,350.890042402358,59.66707176714122,17.493805937345865,64.47556961111832,r_57,r,greedy r,WFD (greedy)
3146,64353.030041277445,343.36885945834774,65.31630114848676,29.13814463974619,46.287175871804564,r_57,r,greedy r,WFD (greedy)
3147,64354.029596409906,3.1049393267490424,67.55750462115085,26.411012992651845,66.11465875528431,r_57,r,greedy r,WFD (greedy)
3148,64355.02987850186,244.97851164302315,32.239631929178614,43.010663372934616,333.45823103193885,z_20,z,"twilight_near_sun, 0",twilight
3149,64356.02869036914,18.662826636842833,69.20018056235551,-36.97717048225809,143.10889107384537,r_57,r,greedy r,WFD (greedy)
3151,64358.027700867475,2.620573944606627,66.27871285688109,12.76846542612342,79.32512260787787,r_57,r,greedy r,WFD (greedy)
3152,64359.027935520826,241.20260032838047,31.820439148290614,-17.556127105463688,32.974377480895505,r_57,r,"twilight_near_sun, 0",twilight
3153,64360.02667473219,344.73221370501574,68.25179661962427,-44.13607497239175,120.63495281882652,r_57,r,greedy r,WFD (greedy)
3154,64361.02609946895,348.0341912152272,73.19611375018515,-36.33967275007841,115.52746825652652,r_57,r,greedy r,WFD (greedy)
3155,64362.02553624176,340.2757615851222,66.15962820734575,-19.26730751957891,91.9842103067881,r_57,r,greedy r,WFD (greedy)
3156,64363.025696363526,242.09056196943246,32.0893482084869,-51.59928475267065,67.11257913088785,z_20,z,"twilight_near_sun, 0",twilight
3157,64364.02440779457,356.02099620466294,69.58806947615037,-52.12150032065848,138.4442232585957,r_57,r,greedy r,WFD (greedy)
3159,64366.02317286437,332.7346201620966,61.54822835509179,-21.834103205018128,88.27296879208761,r_57,r,greedy r,WFD (greedy)
3160,64367.023112989344,257.1184315205236,31.95972039517347,57.8674070336998,323.22625639707746,r_57,r,"twilight_near_sun, 0",twilight
3161,64368.021893479956,343.7177454326164,72.24056142554832,56.8839194493812,18.526202324441552,r_57,r,greedy r,WFD (greedy)
3162,64369.02118733104,8.59634898240912,66.11478278581804,-41.992176735038946,139.2668035946637,r_57,r,greedy r,WFD (greedy)
3163,64370.02057133773,329.5429991289344,70.99637697821404,26.767437076069818,36.27831393881051,r_57,r,greedy r,WFD (greedy)
3164,64371.02051159994,247.02574193002144,32.87491598058296,12.058422204974912,4.696020604526108,r_57,r,"twilight_near_sun, 0",twilight
3165,64372.01906367602,357.36149204400755,73.2308458766162,24.232684615232422,63.2267312763352,r_57,r,greedy r,WFD (greedy)
3166,64373.018430076125,359.7796131936419,65.9845798052773,-47.55809821517827,137.17297055511784,r_57,r,greedy r,WFD (greedy)
3167,64374.01767121227,3.4712706049337823,68.57903488856012,-36.34472457146169,129.18354118458984,r_57,r,greedy r,WFD (greedy)
3168,64375.017586615206,254.66547500461098,32.207016611040075,-50.83315935906848,70.85266843308874,z_20,z,"twilight_near_sun, 0",twilight
3169,64376.016372213635,316.2211095129913,53.93007556151973,12.908216289415266,40.18464981105277,r_57,r,greedy r,WFD (greedy)
3170,64377.015593916745,319.5671163039982,51.66001355190287,58.80840009640321,356.9438091095432,r_57,r,greedy r,WFD (greedy)
3171,64378.01475398707,329.87694076175427,57.06317072743762,21.209023529541856,42.912296720244186,r_57,r,greedy r,WFD (greedy)
3172,64379.01456088663,254.5363077507974,31.62354058142421,25.250702364693428,354.99678711669344,i_39,i,"twilight_near_sun, 0",twilight
3173,64380.01320236573,345.0797023254262,60.418517994058085,58.845847250129935,18.106520193355816,r_57,r,greedy r,WFD (greedy)
3174,64381.012515458024,33.579860914132986,36.955102399240225,21.694303373852133,97.89536179909368,r_57,r,greedy r,WFD (greedy)
3176,64383.01142639557,251.36935415384133,33.650225658004516,43.97989479190107,333.96690537069236,i_39,i,"twilight_near_sun, 0",twilight
3177,64384.010119624116,42.43562311601073,35.842912136310446,-15.945231338301681,142.49217742892603,r_57,r,greedy r,WFD (greedy)
3178,64385.00920466343,343.4224663025211,69.60944581320003,-58.51437320264102,133.79601018524136,r_57,r,greedy r,WFD (greedy)
3180,64387.0081629377,250.96409320814973,33.91382105122125,52.36909192629685,325.2533599015279,r_57,r,"twilight_near_sun, 0",twilight
3181,64388.00662871065,347.3138746661386,74.28061945698084,-27.75485850950336,106.23372882315573,r_57,r,greedy r,WFD (greedy)
3182,64389.00592755246,20.801887844965563,47.59034662631788,-0.5363521317144482,108.49455977769286,r_57,r,greedy r,WFD (greedy)
3183,64390.00508406342,326.24761673106957,71.30258266792549,-38.293166452712526,98.40418187209883,r_57,r,greedy r,WFD (greedy)
3184,64391.00471806238,263.4147100702546,32.69006180076958,-53.12291290346553,76.36760712245875,i_39,i,"twilight_near_sun, 0",twilight
3185,64392.00333287209,343.58370735057304,72.69596917693991,-49.19365029296488,124.44809155614062,r_57,r,greedy r,WFD (greedy)
3186,64393.00253574284,19.990349079077443,49.382629653987834,27.75301858233598,79.42877442290394,r_57,r,greedy r,WFD (greedy)
3188,64395.00129223085,265.67068544090694,33.51038115289738,-42.85314942979638,66.7639293277022,r_57,r,"twilight_near_sun, 0",twilight
3189,64395.999961963294,20.642692611473024,50.18596649676955,-24.87677756469566,132.58169342164433,r_57,r,greedy r,WFD (greedy)
3190,64396.9991245428,9.541073733936097,46.18997383517252,-36.10420556289717,134.3632145119814,r_57,r,greedy r,WFD (greedy)
3194,64400.99575512442,312.6757738168067,67.53128936146416,18.215888670911202,30.700935708766185,r_57,r,greedy r,WFD (greedy)
3196,64402.994464094765,254.69693516385053,32.335745176077054,6.496479418589404,13.404675674981162,r_57,r,"twilight_near_sun, 0",twilight
3197,64403.99310635938,42.99752013507486,65.83877214996578,-48.034963283930836,174.83129290822407,r_57,r,greedy r,WFD (greedy)
3198,64404.99228800795,49.27828687692063,69.33885586950773,-40.787430052618355,173.4903567938381,r_57,r,greedy r,WFD (greedy)
3199,64405.991287978875,32.07437328800476,67.84667114734042,52.69565568562629,64.98354134631066,r_57,r,greedy r,WFD (greedy)
3201,64407.989612697434,17.354952392486542,44.749506881174646,51.20966299137753,53.97058852908495,r_57,r,greedy r,WFD (greedy)
3202,64408.98875327494,33.87495417806813,44.307321499296364,50.442352677221166,68.60893726880552,r_57,r,greedy r,WFD (greedy)
3203,64409.9879865722,50.537151141632336,41.371532827548265,18.253827047736134,113.61953799922897,r_57,r,greedy r,WFD (greedy)
3204,64410.98739461304,276.0826846445138,32.043904092861624,51.344774890558526,337.4764498939475,r_57,r,"twilight_near_sun, 0",twilight
3205,64411.98626521923,49.1540305404681,39.87945988214295,-9.662117919662128,140.6583500523709,r_57,r,greedy r,WFD (greedy)
3206,64412.985280341985,30.782137477429096,70.95160261098295,-58.5106824602242,175.38123222067733,r_57,r,greedy r,WFD (greedy)
3207,64413.98440972863,18.126171117782647,67.88960335653525,-51.50893332622164,157.12423550875255,r_57,r,greedy r,WFD (greedy)
3208,64414.98408748413,264.60731505786396,33.54140712327383,-46.96861672704447,70.37422634774065,i_39,i,"twilight_near_sun, 0",twilight
3209,64415.98279082227,7.727776007323965,46.535847647540145,-48.04501726071422,144.708910774545,r_57,r,greedy r,WFD (greedy)
3210,64416.98195845432,14.930197091759915,46.082011090638844,-17.28579073355396,120.29271997656294,r_57,r,greedy r,WFD (greedy)
3212,64419.1060660716,347.11229493112154,57.15543880793986,-27.524640163061232,106.3141096706858,y_10,y,"DD:COSMOS, 20350331, 0, 8736",DDF
3213,64419.97944715747,15.807243264994089,52.45229852357187,11.429032002077275,92.09691213087716,r_57,r,greedy r,WFD (greedy)
3214,64420.97881877526,56.914026390050516,67.85013031397106,-41.7953368081463,180.75940954566312,r_57,r,greedy r,WFD (greedy)
3215,64421.977840582615,23.93282829992369,49.76988332594971,30.305725362975654,80.22877676192823,r_57,r,greedy r,WFD (greedy)
3216,64422.97743602834,274.9330015364725,32.81690279404642,-17.504268625569726,45.64672346536072,r_57,r,"twilight_near_sun, 0",twilight
3217,64423.97626625304,12.69062180503801,45.91996452946409,-57.92319240869991,158.98928637385532,r_57,r,greedy r,WFD (greedy)
3218,64424.975336294585,355.1271570663851,70.45722257865495,-25.18898563998347,110.72508094232319,r_57,r,greedy r,WFD (greedy)
3221,64427.973108309765,32.338763819733195,71.0595086742132,38.548033096441976,79.71802658884826,r_57,r,greedy r,WFD (greedy)
3222,64428.97226225832,13.72525685222742,68.81396291377182,32.314538504253285,69.51953636348114,r_57,r,greedy r,WFD (greedy)
3223,64429.97149637371,0.8706424390407502,71.36090757678433,24.709671991997435,65.88635076869413,r_57,r,greedy r,WFD (greedy)
3224,64430.97122838189,280.8534119938321,32.55187861052277,-43.38575837173801,74.3230173245905,i_39,i,"twilight_near_sun, 0",twilight
3226,64432.969423129434,36.37952467538961,70.89295828094997,22.351869298472025,99.43797518548256,r_57,r,greedy r,WFD (greedy)
3227,64434.3159563687,39.52427620629001,58.62595002914455,-35.74328822131204,159.42251902368946,r_57,r,"pair_33, gr, bs 52, a",WFD (pairs)
3228,64434.96836689968,277.3530290204214,32.55648951210715,17.675260007499993,11.609542206094115,z_20,z,"twilight_near_sun, 0",twilight
3229,64435.96727967117,344.68955861524836,51.70613843340119,-1.4607966871875944,77.99698447494652,r_57,r,greedy r,WFD (greedy)
3231,64437.96591582704,23.30538697178227,50.56776520204368,-45.94009080008282,155.9400451192815,r_57,r,greedy r,WFD (greedy)
3233,64439.96459507021,33.856230971868555,49.24702659637433,-47.435567289901556,166.22286368934874,r_57,r,greedy r,WFD (greedy)
3234,64440.96396033519,37.42018280115383,71.04541884200586,-39.15837695014557,161.89449423620567,r_57,r,greedy r,WFD (greedy)
3235,64441.963312560605,28.745233485632404,48.875239076868645,-43.511114666394974,158.1407128071709,r_57,r,greedy r,WFD (greedy)
3236,64442.963086309166,273.9279082460044,33.019893726186595,54.35895700144179,333.263040893866,i_39,i,"twilight_near_sun, 0",twilight
3237,64443.96204980056,0.5007916150807846,53.056335712198894,-25.19193195832142,115.47864030600545,r_57,r,greedy r,WFD (greedy)
3238,64444.96144456181,21.464499843124834,53.42788291637772,-16.703438192927447,125.06978425614297,r_57,r,greedy r,WFD (greedy)
3239,64445.96090078124,38.4546811919689,66.98354593434235,-20.399013313457345,143.53380496864253,r_57,r,greedy r,WFD (greedy)
3240,64446.96057732742,290.1205268197168,32.070793954649616,47.753472687532025,347.834238905369,r_57,r,"twilight_near_sun, 0",twilight
3241,64447.95962410853,11.898521468438327,68.46737475960285,8.716964765160718,91.54309608921159,r_57,r,greedy r,WFD (greedy)
3242,64448.95912705398,354.80302143425513,69.91967315530249,51.38421117990476,33.90899540950214,r_57,r,greedy r,WFD (greedy)
3243,64449.958605570275,31.114517498553774,70.43483046379082,-22.79476481656214,139.96302588531069,r_57,r,greedy r,WFD (greedy)
3244,64450.95843162801,284.9285174935271,33.521481197135486,-46.30239994381023,79.14418155445038,z_20,z,"twilight_near_sun, 0",twilight
3247,64454.31864126673,341.13542611768173,85.07983391821213,42.24683803592694,29.933289965077716,u_24,u,"pair_33, ug, bs 52, a",WFD (pairs)
3248,64454.95653573391,274.67118481941424,31.44049884718107,45.37767671435085,342.8739421833625,r_57,r,"twilight_near_sun, 0",twilight
3249,64456.083367662955,307.4307077286744,43.23034626425422,-6.191371309194771,52.74324187171042,r_57,r,"DD:COSMOS, 20350508, 3, 9516",DDF
3251,64457.954682750875,4.767155214135394,69.99818360390121,7.615964163920856,86.45023853005704,r_57,r,greedy r,WFD (greedy)
3252,64458.95472928955,281.10542361052615,32.88016508781606,-27.61230767238819,58.613760637223955,r_57,r,"twilight_near_sun, 0",twilight
3253,64459.95385335041,17.238779521359916,71.11027923873537,0.07556173615075455,104.99986383658644,r_57,r,greedy r,WFD (greedy)
3254,64460.953684890344,48.198180553557684,71.2505782634672,-54.39263761318483,186.6413004010634,r_57,r,greedy r,WFD (greedy)
3255,64461.95337555726,56.67185479683406,69.95667711725126,37.434214152543355,101.9106671649343,r_57,r,greedy r,WFD (greedy)
3256,64462.9531373432,288.7891996882312,32.13729535094351,-47.89958234231409,82.79147856347195,r_57,r,"twilight_near_sun, 0",twilight
3258,64464.952144503404,356.9650437536128,53.91845270215618,8.496575169247798,78.75822810909409,r_57,r,greedy r,WFD (greedy)
3259,64466.07656089482,300.7015957598523,37.952273424217275,29.72038036653054,12.167526242370501,r_57,r,"DD:COSMOS, 20350518, 0, 9536",DDF
3263,64469.95065123138,25.510513814683016,66.12300464039481,-1.6190068016733,113.64678685893497,r_57,r,greedy r,WFD (greedy)
3264,64470.95082820062,281.1830527965482,32.289514564320726,-19.495953447772596,50.60216283864518,i_39,i,"twilight_near_sun, 0",twilight
3265,64471.95014099822,9.777213838441615,73.81075388994422,-30.989140060114128,129.61567833823463,r_57,r,greedy r,WFD (greedy)
3267,64474.20840744621,294.7730262467027,79.1154076000834,32.27997380557791,357.78324449961275,i_39,i,"pair_33, iz, bs 52, a",WFD (pairs)
3268,64474.9499392757,289.50425701560187,32.9172160103487,54.10557285987852,341.1451891963088,r_57,r,"twilight_near_sun, 0",twilight
3270,64476.949297342486,30.423734017350274,72.33405383082916,56.6734017068295,60.17363446355469,r_57,r,greedy r,WFD (greedy)
3271,64477.94906112273,1.7946440749619819,73.05100717254629,12.926548626506168,78.59782578140455,r_57,r,greedy r,WFD (greedy)
3272,64478.949290565775,297.92499696910545,32.195515452833654,16.993139907108628,22.88169569311417,i_39,i,"twilight_near_sun, 0",twilight
3274,64481.08826195034,87.68680474230658,68.61940077798923,25.0030928969047,141.12719049951457,i_39,i,"pair_33, iz, bs 52, a",WFD (pairs)
3276,64482.948980618145,293.1306508210424,33.53065146010232,-2.035676076655008,39.25381482546861,r_57,r,"twilight_near_sun, 0",twilight
3277,64483.94856385081,5.682417831941587,68.98583093332479,5.30941831487849,89.61971136706319,r_57,r,greedy r,WFD (greedy)
3278,64484.94857085153,26.45667369336529,63.51418595943674,-20.055963618961503,132.81969393719697,r_57,r,greedy r,WFD (greedy)
3279,64485.94855347126,3.542914329892596,72.05641436559132,-45.908441719001544,139.00046536272222,r_57,r,greedy r,WFD (greedy)
3281,64487.94857750282,12.795170940824049,58.425106214942026,-55.071186387816425,156.08785962561572,r_57,r,greedy r,WFD (greedy)
3282,64488.94850821635,0.6977858432663536,70.75660430324004,-25.51570903664436,116.09655626555436,r_57,r,greedy r,WFD (greedy)
3283,64489.948677252396,37.205273957565076,55.44107665269205,-47.882545931264616,169.4227538880289,r_57,r,greedy r,WFD (greedy)
3309,64516.091047882685,296.4402883770227,80.37064250972068,-50.594700799748814,81.71393364224436,i_39,i,"pair_33, iz, bs 52, a",WFD (pairs)
3315,64522.320187748024,77.99912666279523,28.626139050538583,9.530589605353477,138.34241206058329,y_10,y,"DD:XMM_LSS, 20350711, 0, 19213",DDF
3316,64522.95610387078,122.8704040917038,55.31349410195994,28.493511479496732,159.51200555298178,r_57,r,"ToO, neutrino, r, 1237, i2, 1013",ToO
3317,64523.95570976208,21.571018279774375,54.81974110623677,-46.86195146172707,155.53133986783584,r_57,r,greedy r,WFD (greedy)
3318,64524.95610606429,40.14232602659337,47.15854739447578,-49.02355618999964,173.15181439611982,r_57,r,greedy r,WFD (greedy)
3319,64525.95644583488,41.701200291528885,45.912280642761985,-21.971015356328,147.36923976039125,r_57,r,greedy r,WFD (greedy)
3320,64526.95696128991,295.11061892959066,32.194230039038565,-58.474831700373784,96.87964969319671,r_57,r,"twilight_near_sun, 0",twilight
3321,64527.95775071517,124.19471811929832,59.292287053092174,-7.95390538463207,200.83703950577674,r_57,r,"ToO, neutrino, r, 1237, i7, 1024",ToO
3322,64528.95757818772,58.817834980746824,42.20628539113218,25.426398995558756,112.41560873207088,r_57,r,greedy r,WFD (greedy)
3323,64529.95785596895,51.13546231062685,45.417345157350525,36.76161613798084,95.7043057985126,r_57,r,greedy r,WFD (greedy)
3324,64530.95826779693,300.28950978687885,30.26641407593935,12.61217205747081,28.609545696386885,i_39,i,"twilight_near_sun, 0",twilight
3326,64532.95892192565,56.28216502728544,42.10489707414565,-10.699394131542798,146.83605827274255,r_57,r,greedy r,WFD (greedy)
3327,64533.95901849492,358.53765789404906,66.39101326892924,43.16737406592675,45.68243075634168,r_57,r,greedy r,WFD (greedy)
3328,64534.95979290945,281.06827332407835,33.223449745937515,0.690153637272579,30.394379490527818,i_39,i,"twilight_near_sun, 0",twilight
3329,64535.95971486357,349.57114162376087,63.61906303712454,-32.118605586428934,113.21339589547966,r_57,r,greedy r,WFD (greedy)
3330,64536.96010087711,5.307120408850309,60.45966600751004,54.386548732759,40.33476705898466,r_57,r,greedy r,WFD (greedy)
3331,64537.96123657886,130.06688521634396,66.98782231521464,-27.18905445935745,232.90525346979769,u_24,u,"ToO, neutrino, u, 1237, i0, 1008",ToO
3332,64538.96116109931,285.1614440117778,32.393657072488956,-56.88920091829724,90.0875965901678,r_57,r,"twilight_near_sun, 0",twilight
3335,64541.96182252537,22.35268197593279,63.57089830023577,-16.5838186506981,126.02178347050108,r_57,r,greedy r,WFD (greedy)
3336,64542.9625994345,281.6237327987932,31.278903877142035,2.907529726870606,28.677030353206966,i_39,i,"twilight_near_sun, 0",twilight
3339,64545.963238433105,355.30510055380614,63.16852552986247,3.677859954451746,82.41047951653204,r_57,r,greedy r,WFD (greedy)
3340,64546.96415741643,262.5003606422739,28.899011790387384,-19.373668485121115,43.612797212580695,i_39,i,"twilight_near_sun, 0",twilight
3342,64548.96432977566,19.1883286024124,56.77455189746965,-40.08213243793707,146.76266498459782,r_57,r,greedy r,WFD (greedy)
3344,64551.31540424567,56.6792784623665,49.89103365159586,-9.926298006746146,146.20734213866987,y_10,y,"DD:XMM_LSS, 20350809, 0, 19227",DDF
3345,64551.96538436102,342.47824823413845,56.42494592899009,21.502709733729397,53.56061710054909,r_57,r,greedy r,WFD (greedy)
3346,64552.965709769545,348.3905986314269,60.47491358780391,36.51428180028361,43.63127280987749,r_57,r,greedy r,WFD (greedy)
3347,64553.966036517704,358.5254718742743,64.16476532027075,12.03087556463984,76.86306962762639,r_57,r,greedy r,WFD (greedy)
3348,64554.96675778931,288.51063916791054,31.516296032868713,32.92330903941742,2.06439499262559,r_57,r,"twilight_near_sun, 0",twilight
3349,64555.9667383891,351.31462539902753,63.166736128624734,-11.68398467352552,94.34224932534187,r_57,r,greedy r,WFD (greedy)
3351,64557.96796160436,92.71218627565823,53.94787078854704,-45.95728463990093,209.1927649494458,r_57,r,greedy r,WFD (greedy)
3352,64558.96824228672,275.94747687697327,32.6477920498337,-55.39579936381909,84.22637821889538,r_57,r,"twilight_near_sun, 0",twilight
3354,64561.087659699064,21.026468053767175,83.7195923403615,4.394986102173566,105.69774111662367,i_39,i,"pair_33, iz, bs 52, a",WFD (pairs)
3356,64563.089031471936,126.04243536412854,29.65394575527846,2.293192823341296,162.71422992371294,y_10,y,"DD:ELAISS1, 20350821, 0, 28657",DDF
3357,64563.97003269894,91.72419565628974,59.22010507631059,-2.228294464556026,167.1877654876956,r_57,r,greedy r,WFD (greedy)
3358,64564.96989295773,20.449921853584236,56.830558621380014,22.34847180364563,85.41984864871844,r_57,r,greedy r,WFD (greedy)
3359,64565.97065881585,277.2856511347351,73.7433448066622,20.034698518156098,356.1786915267462,r_57,r,greedy r,WFD (greedy)
3360,64566.97104645612,272.1322809077438,33.55228599611864,-21.874419172279357,48.80983262092459,z_20,z,"twilight_near_sun, 0",twilight
3361,64567.97091802019,342.7942412799264,60.52877222307892,-17.3936221333425,92.76315699538911,r_57,r,greedy r,WFD (greedy)
3362,64568.97122130479,343.4132431124233,70.40258143155735,11.819768660313484,63.80384964368949,r_57,r,greedy r,WFD (greedy)
3363,64569.971640264725,8.145262168831373,56.38981108507404,12.582296537390896,84.65502715100986,r_57,r,greedy r,WFD (greedy)
3364,64570.97243601727,273.45031117474736,32.52228041763255,-22.248327652144866,50.016122699824855,r_57,r,"twilight_near_sun, 0",twilight
3365,64571.972337921565,3.4163869242959044,57.36853167054236,-19.319489495856523,112.46909100542928,r_57,r,greedy r,WFD (greedy)
3366,64572.972680721505,336.23579257169973,59.3770045315985,24.26940672527388,45.5338377831752,r_57,r,greedy r,WFD (greedy)
3369,64576.19537440515,39.33949971752388,38.39076661044512,-6.776538852206102,130.79469420808417,r_57,r,"ToO, neutrino, r, 1251, i5, 1019",ToO
3370,64576.974116008416,347.4121282206216,57.13526869091607,48.1257643411623,31.210222230624822,r_57,r,greedy r,WFD (greedy)
3371,64577.97478786971,69.40946099268028,61.37978162586138,-55.27882936926596,203.331590552124,r_57,r,greedy r,WFD (greedy)
3372,64578.97525338224,277.4125082973641,32.38688242695775,42.6791991552012,346.94232070259085,r_57,r,"twilight_near_sun, 0",twilight
3376,64582.976730421346,275.35036247526875,32.585198543803784,-58.725434917616255,87.38105217127593,i_39,i,"twilight_near_sun, 0",twilight
3377,64583.97667481922,348.3343697110839,55.85369379119864,50.82644753187206,29.294495233937784,r_57,r,greedy r,WFD (greedy)
3378,64585.194233211216,211.54934958578326,56.20034902313764,-5.51123915548648,329.48363766014825,i_39,i,"pair_33, iz, bs 52, a",WFD (pairs)
3385,64591.980128126925,78.4737783186361,52.18681506430586,22.302572127240538,130.08282371336801,r_57,r,greedy r,WFD (greedy)
3386,64592.98033618772,54.13441639437126,70.55736654822367,6.657235396804603,130.86990800140214,r_57,r,greedy r,WFD (greedy)
3388,64595.09192803106,63.18906246885775,26.849512936085752,-7.231615047782523,148.12022031191125,r_57,r,"ToO, neutrino, r, 1258, i2, 1031",ToO
3390,64597.09858594015,60.008971702822905,30.17096920266957,-43.325208759160425,182.16903374445837,u_24,u,"ToO, neutrino, u, 1258, i0, 1026",ToO
3391,64597.98255228707,71.5595248979709,62.432904715692324,24.01165018075387,126.01476279471548,r_57,r,greedy r,WFD (greedy)
3392,64598.98316813403,264.65272609096854,33.43293794359103,56.9336770773671,326.8411319202246,z_20,z,"twilight_near_sun, 0",twilight
3393,64599.983098408164,351.46626494689116,67.43556627013358,-55.1474854707605,137.90118933449867,r_57,r,greedy r,WFD (greedy)
3394,64600.983447723804,350.7093452009018,71.50917666575513,30.696195977139187,51.29810128367234,r_57,r,greedy r,WFD (greedy)
3395,64601.98429070881,69.64762296266434,68.93478007660771,51.464994702503624,99.01418536262317,r_57,r,greedy r,WFD (greedy)
3399,64605.986146521274,71.27292652082548,57.64402007427898,17.856203857312337,130.61663298012672,r_57,r,greedy r,WFD (greedy)
3401,64607.98706063082,65.93865083006268,61.59605239143852,40.330405717891175,104.9206665784218,r_57,r,greedy r,WFD (greedy)
3402,64608.98742016601,49.884932625716814,68.55485375983973,3.480765567670625,129.90572468042694,r_57,r,greedy r,WFD (greedy)
3404,64610.98886397546,252.37972134005267,33.57740086365472,45.359690839374004,333.31284707455205,i_39,i,"twilight_near_sun, 0",twilight
3405,64611.989200238124,274.84664500545284,72.67985257563704,37.99391708279856,336.5354880412448,r_57,r,greedy r,WFD (greedy)
3407,64613.989799977964,332.02885998371346,72.83350940664484,-28.003445365742465,93.4002581040175,r_57,r,greedy r,WFD (greedy)
3408,64614.9909768195,245.73143142719056,33.58297492117184,0.6905601721685987,15.355338472981915,i_39,i,"twilight_near_sun, 0",twilight
3409,64615.99088813206,328.04278641898736,73.86221630481319,-46.070045437967146,107.8017101166207,r_57,r,greedy r,WFD (greedy)
3410,64616.99147695933,41.33015902286126,70.27709043818,19.958033166138552,106.3198123119822,r_57,r,greedy r,WFD (greedy)
3411,64617.99224632402,69.49201577346714,43.60061762475426,-43.88476477436286,188.5703626291031,r_57,r,greedy r,WFD (greedy)
3412,64618.99316984299,242.52979673657396,32.39783339753681,1.3110157073443316,14.36827188372683,r_57,r,"twilight_near_sun, 0",twilight
3413,64619.99321494139,51.451978931314876,69.11414333727585,-52.93044221240872,187.73509659546465,r_57,r,greedy r,WFD (greedy)
3414,64620.9935882248,7.105684714384949,60.41214282292273,-23.00396812559238,119.26667326505434,r_57,r,greedy r,WFD (greedy)
3415,64622.10530770459,355.3817816843013,54.45433332957532,-31.320960400030135,117.33250754502279,r_57,r,"pair_33, gr, bs 38, a",WFD (pairs)
3416,64622.99530475278,261.5530373104324,30.340607423910733,14.513324510680535,9.141791860066958,i_39,i,"twilight_near_sun, 0",twilight
3417,64623.99555791988,55.53625142952421,66.07600390166475,34.760885347215904,102.87567697928522,r_57,r,greedy r,WFD (greedy)
3418,64624.99599429278,327.4427525220541,73.71318034264625,-51.3053821115865,112.50191853851538,r_57,r,greedy r,WFD (greedy)
3419,64625.99676546245,56.71589322695248,66.56797916083829,42.34321012567296,96.37981309933316,r_57,r,greedy r,WFD (greedy)
3420,64626.997813129055,246.96758719238062,29.34851229283003,43.31767774648774,335.8922401376401,i_39,i,"twilight_near_sun, 0",twilight
3421,64627.997728937524,340.8109673881149,73.56913839605232,-16.95222084614636,90.02227021685296,r_57,r,greedy r,WFD (greedy)
3422,64628.99838269526,2.08930746251805,59.7033533450781,20.11466321714635,71.79781172227987,r_57,r,greedy r,WFD (greedy)
3424,64631.00035234964,242.32980578547676,30.530555950977355,-41.485490630681745,58.47353191678613,i_39,i,"twilight_near_sun, 0",twilight
3426,64633.001181566535,303.2213559543815,73.70624419450826,-48.28348997333988,87.92425883998568,r_57,r,greedy r,WFD (greedy)
3427,64634.001884241814,296.4732412584728,72.13515337867051,46.5232442917469,347.6004919382054,r_57,r,greedy r,WFD (greedy)
3428,64635.00305140851,229.28985993813163,30.054064335276852,50.87255799570165,322.6465084027286,z_20,z,"twilight_near_sun, 0",twilight
3429,64636.00287636638,6.472406196749708,70.69112702027994,40.121874882460496,55.65228696948106,r_57,r,greedy r,WFD (greedy)
3433,64640.19803766895,332.58806246056446,61.91756807028848,-39.856855918443756,106.21668968297902,y_10,y,"DD:XMM_LSS, 20351107, 0, 19287",DDF
3434,64641.0065262067,57.75934319546352,53.91106346296265,-50.76442007127869,188.24409100698145,r_57,r,greedy r,WFD (greedy)
3435,64642.00729112574,293.3798675363838,70.88867011513986,8.429617996676232,23.351680216249285,r_57,r,greedy r,WFD (greedy)
3436,64643.0084293598,234.08809643740213,31.61450987458022,-20.54330507389722,33.97261540757743,r_57,r,"twilight_near_sun, 0",twilight
3437,64644.008562773175,307.84014785234035,73.6627910667425,-19.86675840489885,63.595242793658116,r_57,r,greedy r,WFD (greedy)
3438,64645.00926199572,306.9528698779713,73.05847776837086,-57.76423981830447,100.85695683335462,r_57,r,greedy r,WFD (greedy)
3439,64646.009712800915,23.105345244067035,63.988637603714324,12.440557685256234,97.49978585857471,r_57,r,greedy r,WFD (greedy)
3440,64647.01114528879,241.66530076216748,34.07410138133868,-28.264218656729593,42.37604625594035,z_20,z,"twilight_near_sun, 0",twilight
3441,64648.01116464874,25.863143580465806,53.67693793697185,-36.867381608182406,149.02525814284905,r_57,r,greedy r,WFD (greedy)
3442,64649.0118504179,14.224015944285338,59.343656048264535,-54.322066245659535,156.58494752611634,r_57,r,greedy r,WFD (greedy)
3444,64651.01397355815,236.30830959302548,33.655236304820825,45.50770864104478,326.8369979814553,z_20,z,"twilight_near_sun, 0",twilight
3445,64652.01398968918,326.11209254970134,73.47239009358977,-17.890042639682797,77.84071227210465,r_57,r,greedy r,WFD (greedy)
3446,64653.01454061705,2.050679317743183,71.83722089290603,23.089411805422472,68.73602557037613,r_57,r,greedy r,WFD (greedy)
3447,64654.0152450036,355.6353473420608,69.86134800275023,32.27243442863199,53.91480850486505,r_57,r,greedy r,WFD (greedy)
3448,64655.016821097895,226.38148720393488,32.70720815980992,-20.633984443748208,30.20063036003396,i_39,i,"twilight_near_sun, 0",twilight
3449,64656.016646464486,15.697527628886519,67.44543464085943,39.68401315268722,63.963999939937366,r_57,r,greedy r,WFD (greedy)
3451,64658.01804783255,4.877795108534488,58.1070460580927,7.960415438862248,86.23848258710407,r_57,r,greedy r,WFD (greedy)
3452,64659.019476459565,234.6939387187118,31.188950631648048,-59.84573762125526,73.8549096624152,i_39,i,"twilight_near_sun, 0",twilight
3453,64660.01940312109,340.42169124701746,57.604951361780984,-54.86404097425931,128.05706252395962,r_57,r,greedy r,WFD (greedy)
3454,64661.02007378166,10.213083014861486,60.70151881775795,59.74711985694894,39.0301211790369,r_57,r,greedy r,WFD (greedy)
3455,64662.02068625542,342.8062190906752,60.8284830235323,34.898024497296355,40.30157580139645,r_57,r,greedy r,WFD (greedy)
3456,64663.02214152976,229.58194177334371,32.55149750747806,52.52614218523541,318.3690154097152,z_20,z,"twilight_near_sun, 0",twilight
3457,64664.02197914463,334.9576291897006,73.6629589790173,50.027557386657925,17.691964923646946,r_57,r,greedy r,WFD (greedy)
3458,64665.022631681415,16.14003659885861,59.878897550833145,-56.796527336649916,160.63168333129656,r_57,r,greedy r,WFD (greedy)
3459,64666.02317454993,357.41999299664656,67.93347566761042,36.29154866273762,51.42033961783781,r_57,r,greedy r,WFD (greedy)
3460,64667.024644628385,227.63658900368586,31.838794211344826,-5.8481497173293535,16.8542368649077,i_39,i,"twilight_near_sun, 0",twilight
3461,64668.02446613947,31.166229647918403,51.622049467434515,35.18936205390279,81.318192674494,r_57,r,greedy r,WFD (greedy)
3462,64669.02506492469,35.31400030224865,71.79224494753744,-58.411846974817365,179.4467804510761,r_57,r,greedy r,WFD (greedy)
3463,64670.02561711439,29.524548922837827,52.126065017942736,-24.95322624494806,140.09307005147812,r_57,r,greedy r,WFD (greedy)
3464,64671.026947343285,228.12458387622274,32.42776247641803,30.17736199397807,340.30896894120883,i_39,i,"twilight_near_sun, 0",twilight
3465,64672.02700774784,291.7232161130648,72.66935545218332,36.14403281572348,353.41845674603275,r_57,r,greedy r,WFD (greedy)
3466,64673.02738707088,311.518647067463,73.94160915781285,15.76127120455198,31.047515645447593,r_57,r,greedy r,WFD (greedy)
3467,64674.02792660482,307.34931772015096,55.507912300338596,-23.199265279160695,69.46288156213299,r_57,r,greedy r,WFD (greedy)
3468,64675.02895270634,238.29704395237823,31.077140743213636,-22.700191017048567,37.92443218741589,i_39,i,"twilight_near_sun, 0",twilight
3471,64678.02960966281,343.3789066188111,59.893826682774765,-5.424232030650888,81.055170334532,r_57,r,greedy r,WFD (greedy)
3472,64679.03085369885,228.46388672770757,32.775279106077484,6.300315117455634,3.882698746640104,z_20,z,"twilight_near_sun, 0",twilight
3473,64680.03054903282,23.105803277650004,42.93142794133532,-10.454249588007508,120.74133273945044,r_57,r,greedy r,WFD (greedy)
3474,64681.03094240139,21.040616013738447,43.027068836244695,6.740849409483298,101.77540122786372,r_57,r,greedy r,WFD (greedy)
3476,64683.032306680136,239.3475139317478,32.657134731784204,39.26097290061597,334.9965702492419,i_39,i,"twilight_near_sun, 0",twilight
3479,64686.032662410355,317.14570407530823,72.424257751689,8.969821245715616,43.09226017276493,r_57,r,greedy r,WFD (greedy)
3480,64687.0335696223,233.7794078306797,32.980483979264214,-6.910304380365495,18.81445573462183,z_20,z,"twilight_near_sun, 0",twilight
3481,64688.03314326682,10.150418411313863,43.490367617758096,25.112212132193427,73.84074313664514,r_57,r,greedy r,WFD (greedy)
3482,64689.033255038325,349.28612034460434,71.53200777413474,41.99459573169028,38.43887671752737,r_57,r,greedy r,WFD (greedy)
3483,64690.03353090726,329.2435986765296,52.925051776278316,8.250191199877698,55.431157753723554,r_57,r,greedy r,WFD (greedy)
3484,64691.03450156241,226.96938033473535,32.69675228617371,24.006564568818728,345.6621493200037,i_39,i,"twilight_near_sun, 0",twilight
3485,64692.03378014598,3.6287224056883427,73.03393597702885,31.407839257418686,61.676301173920834,r_57,r,greedy r,WFD (greedy)
3486,64693.03398477975,334.5489527380342,61.36932095957506,22.05798526759645,45.9958190540506,r_57,r,greedy r,WFD (greedy)
3487,64694.0340857216,344.6775039242306,62.57646767160539,30.475074202938014,46.1844615946689,r_57,r,greedy r,WFD (greedy)
3488,64695.03497447329,233.19616087898544,32.14886887447817,-34.94273144102304,47.41373541233132,i_39,i,"twilight_near_sun, 0",twilight
3489,64696.03423539642,340.9062108077554,69.26324831305273,1.0320728680009916,72.1410129246607,r_57,r,greedy r,WFD (greedy)
3490,64697.03426849187,344.09123118342137,68.6763238785038,11.795788547872824,64.17722649285135,r_57,r,greedy r,WFD (greedy)
3491,64698.03438319598,347.79314358795574,71.3444674751089,-58.42747434108626,137.52783218789597,r_57,r,greedy r,WFD (greedy)
3494,64701.03451154786,304.9508870815888,52.78157531543591,-44.030146984100135,88.58223827644112,r_57,r,greedy r,WFD (greedy)
3495,64702.03441587122,308.6567147092412,48.654291366593085,38.41929772273614,9.076518022241281,r_57,r,greedy r,WFD (greedy)
3496,64703.13225844769,287.87590739582356,35.74172631383457,38.283688626481734,356.034506359031,g_6,g,"DD:XMM_LSS, 20360110, 0, 19687",DDF
3497,64704.03418342562,312.5162447409773,46.84182667284654,31.455534793747447,18.892831953186786,r_57,r,greedy r,WFD (greedy)
3498,64705.03385257083,339.32152118796864,65.3616970691124,-11.961731196780377,83.92196656175298,r_57,r,greedy r,WFD (greedy)
3499,64706.03370211909,349.1826596247037,63.284233901013565,43.41945189401259,37.07486378851106,r_57,r,greedy r,WFD (greedy)
3501,64708.03364170317,65.92641210097757,35.74727678506714,8.48970073439518,133.38776226650788,r_57,r,"ToO, neutrino, r, 1287, i2, 1067",ToO
3502,64709.03341255629,65.23661565616207,36.457118463874444,-59.88586383030425,201.36431584732622,r_57,r,"ToO, neutrino, r, 1287, i5, 1073",ToO
3503,64710.032813905884,9.413858229297578,69.46090314076928,18.487469870246336,79.58227382830503,r_57,r,greedy r,WFD (greedy)
3504,64711.03330221735,243.46202929987928,31.6564100676208,26.196532104750755,350.17615568022495,r_57,r,"twilight_near_sun, 0",twilight
3505,64712.03224489589,359.59375220074946,72.20711505274502,9.40005574469529,80.06402523170597,r_57,r,greedy r,WFD (greedy)
3506,64713.03204331321,331.69716623486,54.04303489214244,0.22138276696267642,65.43858443423238,r_57,r,greedy r,WFD (greedy)
3507,64714.03195021331,61.685368745899446,39.856489856044284,37.275097576361745,102.04424180573741,r_57,r,"ToO, neutrino, r, 1287, i7, 1078",ToO
3508,64715.031951990604,253.73779228786336,29.37255823948921,21.80063272565304,359.3527380906359,r_57,r,"twilight_near_sun, 0",twilight
3509,64716.03099647093,337.8496202634111,54.511632768042446,-25.981947905626257,96.78799893540612,r_57,r,greedy r,WFD (greedy)
3510,64717.030600174825,15.568431547088629,72.00630679799511,56.20228939534705,47.36259582294055,r_57,r,greedy r,WFD (greedy)
3511,64718.03019067991,345.3101212791636,56.615595709201436,25.56899774945661,51.59830099879734,r_57,r,greedy r,WFD (greedy)
3512,64719.03052338262,233.2739440911185,33.13432836948701,58.5279141149585,312.8974924808426,r_57,r,"twilight_near_sun, 0",twilight
3513,64720.02933049591,13.99204087169862,68.50754226434886,57.49731561991706,44.52971958314102,r_57,r,greedy r,WFD (greedy)
3514,64721.028848279544,343.2243651877174,68.4447357482365,51.308899935764465,23.871013878574697,r_57,r,greedy r,WFD (greedy)
3515,64722.028338437114,348.1316564584152,64.09469574486033,31.544083690723614,48.00634323069085,r_57,r,greedy r,WFD (greedy)
3516,64723.02860832341,237.75740387700066,33.00072407907826,13.105352363405933,0.11536987003372472,r_57,r,"twilight_near_sun, 0",twilight
3517,64724.027322805516,349.5235000300462,65.5593979643629,-38.38961351824622,119.11624881941174,r_57,r,greedy r,WFD (greedy)
3518,64725.02690253492,37.77111670156401,67.8909341535581,5.855568812345241,116.70387698282941,r_57,r,greedy r,WFD (greedy)
3519,64726.02622119722,0.251412414446247,72.0242885753534,33.12924991355508,56.89921170657687,r_57,r,greedy r,WFD (greedy)
3520,64727.02644019934,239.73195702973985,32.235621945180085,2.4709982439036233,12.09449566059103,z_20,z,"twilight_near_sun, 0",twilight
3521,64728.02517724037,33.10697434940331,72.3490556736963,45.11494735000283,73.9375667233347,r_57,r,greedy r,WFD (greedy)
3522,64729.02453707608,18.600043853348968,72.62198907030398,-45.681054424229764,151.95217034271508,r_57,r,greedy r,WFD (greedy)
3523,64730.02412277561,310.1713677984047,66.73891056367809,-13.683214527038775,60.63309390530297,r_57,r,greedy r,WFD (greedy)
3524,64731.02402211355,241.9078927983841,33.49070719498772,0.6773953299760478,13.698401610484432,r_57,r,"twilight_near_sun, 0",twilight
3526,64733.02215887907,324.5124109361158,37.16496688984036,-46.60050974345339,105.18934993652687,r_57,r,greedy r,WFD (greedy)
3527,64734.02134163987,354.42368083331064,66.1296299804149,-40.62769052228142,125.58668532477816,r_57,r,greedy r,WFD (greedy)
3528,64735.021375791,244.95621384825387,31.41044314049267,40.472744248699264,336.5042839348827,r_57,r,"twilight_near_sun, 0",twilight
3529,64736.019969682144,0.34804813891096226,65.46310450354616,-0.9462187748243903,91.05091547170886,r_57,r,greedy r,WFD (greedy)
3530,64737.01932288646,18.65368384008633,70.00142333988825,-53.151540731124065,159.30568211093936,r_57,r,greedy r,WFD (greedy)
3531,64738.01862605956,346.1543767545001,71.37088457092368,-56.89748338655262,134.49377188824653,r_57,r,greedy r,WFD (greedy)
3532,64739.018536771364,248.02411564262232,33.99505247134787,-3.229556600617399,19.647619521049954,r_57,r,"twilight_near_sun, 0",twilight
3533,64740.01726241733,355.3844588952954,39.28706487411361,-39.8394112065954,125.37747321529172,r_57,r,greedy r,WFD (greedy)
3534,64741.01637504884,355.5718230567042,64.68224415207683,25.50972963035379,60.45300766783884,r_57,r,greedy r,WFD (greedy)
3535,64742.01565344598,342.6296578642872,59.88922828802797,36.15669234151678,38.70015764432157,r_57,r,greedy r,WFD (greedy)
3536,64743.01551009503,254.12832423462672,33.30828395167871,-32.64559730624352,51.89322294489546,r_57,r,"twilight_near_sun, 0",twilight
3537,64744.01410017818,339.26377328990264,64.95802086202897,11.910009614346027,59.962257118855476,r_57,r,greedy r,WFD (greedy)
3538,64745.013407972736,34.048534705464775,50.03441054476468,-41.01396848538843,159.83465991499023,r_57,r,greedy r,WFD (greedy)
3539,64746.012547714985,345.6210911315472,63.68524175227733,-22.739224062031802,100.11252261512004,r_57,r,greedy r,WFD (greedy)
3540,64747.012355350525,259.2398177442039,33.453540028363804,46.61905713827878,334.62603731869336,z_20,z,"twilight_near_sun, 0",twilight
3541,64748.011021657105,329.74600358378177,71.52747401561112,6.266808066342366,56.88386553687719,r_57,r,greedy r,WFD (greedy)
3542,64749.01026668735,38.82273083838704,51.49047407115788,46.740554264159414,75.87586909656524,r_57,r,greedy r,WFD (greedy)
3543,64750.00932028428,344.9281677073808,67.76584972048995,-31.989609474479067,108.65486529905131,r_57,r,greedy r,WFD (greedy)
3544,64751.00913660943,257.69420769757187,32.7462795788226,-20.449472698002953,41.36607188904328,r_57,r,"twilight_near_sun, 0",twilight
3545,64752.007778070256,328.2299911254748,73.60625929439574,-2.4401216152010496,63.99156442276693,r_57,r,greedy r,WFD (greedy)
3546,64753.00682467849,351.27352202546996,72.38074353755118,-1.1096800505021591,83.18049720156361,r_57,r,greedy r,WFD (greedy)
3547,64754.00611991016,23.542229581273116,49.916747495205755,60.23243753768525,49.925252068748534,r_57,r,greedy r,WFD (greedy)
3548,64755.00584966066,252.93176555635725,34.01049358830837,-46.34505435000493,64.7077739570329,r_57,r,"twilight_near_sun, 0",twilight
3549,64756.004422050835,32.44725683019254,53.993836807587535,42.77154067131354,74.66182577133459,r_57,r,greedy r,WFD (greedy)
3551,64758.00265009022,340.8124879602344,72.53164537929402,7.556643900499502,65.2514593456434,r_57,r,greedy r,WFD (greedy)
3552,64759.00237517687,263.3031658367035,33.095323316340846,-18.771139710291397,41.81726590003654,z_20,z,"twilight_near_sun, 0",twilight
3553,64760.112899946325,228.0063193716896,30.6731313634915,1.3511861990782201,10.567192970078905,r_57,r,"DD:EDFS_a, 20360307, 1, 48947",DDF
3554,64761.00034866433,303.9718542137398,73.23123258325056,-24.41617056694148,64.50334866434677,r_57,r,greedy r,WFD (greedy)
3555,64761.99932049301,325.44396856237256,55.22274431068147,36.3664924774208,24.095195684745573,r_57,r,greedy r,WFD (greedy)
3556,64762.99892102346,264.7286364956141,32.175006029698615,-0.2670329109471985,24.209991740714365,z_20,z,"twilight_near_sun, 0",twilight
3557,64763.99758001639,35.04018097114119,63.72165822723736,51.81100070280815,68.05828177332793,r_57,r,greedy r,WFD (greedy)
3558,64764.996769331796,41.89706245373736,41.284148110685116,15.092744123231927,110.45486858244547,r_57,r,greedy r,WFD (greedy)
3559,64765.995933296894,45.030408399554524,35.21459354439822,2.0377434620360053,126.4966801411972,r_57,r,greedy r,WFD (greedy)
3560,64766.99551881989,256.2280949170635,30.87582172321048,25.2294758278023,355.9341464810063,r_57,r,"twilight_near_sun, 0",twilight
3561,64767.99411494444,23.173391921827886,48.79262322973675,0.9952148510407056,108.91677875145945,r_57,r,greedy r,WFD (greedy)
3562,64768.99318556189,14.026636549685543,59.526333032476046,49.28112508570245,52.61620233783855,r_57,r,greedy r,WFD (greedy)
3563,64769.99229756128,21.08732257727843,63.12496913144018,-37.03647183031953,145.02666013651705,r_57,r,greedy r,WFD (greedy)
3564,64770.99194269174,270.24353612663225,32.29868709414523,56.742710829748,329.46143494527627,z_20,z,"twilight_near_sun, 0",twilight
3565,64771.99061829666,31.43267545014647,56.022509591707134,38.07500575688595,78.53033192980172,r_57,r,greedy r,WFD (greedy)
3566,64772.98970666532,21.434938167532046,64.66256373945984,44.169510772143305,64.16804202003047,r_57,r,greedy r,WFD (greedy)
3569,64775.98713904913,26.595286096453343,69.12235982957854,-22.147828098215484,135.18955763901096,r_57,r,greedy r,WFD (greedy)
3570,64776.986292475776,24.722860807680284,60.05587978308075,32.17940068538043,78.84844379637644,r_57,r,greedy r,WFD (greedy)
3571,64777.98548359691,356.83295224671144,53.095817321180114,-42.54623358868051,129.59830548143904,r_57,r,greedy r,WFD (greedy)
3572,64778.98509913412,268.87010704912086,33.96904975101497,-23.242327027003515,48.38451108685527,z_20,z,"twilight_near_sun, 0",twilight
3573,64779.983744495854,22.46085138433247,61.412344222472335,-5.714863154546479,114.84926255760517,r_57,r,greedy r,WFD (greedy)
3574,64780.98288761737,6.7035759123208,64.57050648834617,-20.406228059343754,116.03075011275064,r_57,r,greedy r,WFD (greedy)
3578,64784.97955462638,4.633115448205064,68.16702981651672,30.509740894767102,63.351780233609496,r_57,r,greedy r,WFD (greedy)
3579,64785.97879594803,10.379774728535793,69.50695612598292,-50.04784362866359,148.9618258757065,r_57,r,greedy r,WFD (greedy)
3580,64786.97838390487,281.20017271620026,30.19734852061398,31.847237329311266,359.5081855935173,z_20,z,"twilight_near_sun, 0",twilight
3581,64787.97712831198,13.878393760354864,73.47359167886572,36.47151623030718,65.68647251898071,r_57,r,greedy r,WFD (greedy)
3582,64788.97632849402,4.533966152502778,67.8305487554621,-10.730904095526466,104.5068385325186,r_57,r,greedy r,WFD (greedy)
3583,64789.97560845651,358.2628088079359,55.48323475330887,27.351951889172717,60.96147554111899,r_57,r,greedy r,WFD (greedy)
3584,64790.975296624216,269.2185750613524,33.57480124178424,49.69807478629605,335.69091212165984,z_20,z,"twilight_near_sun, 0",twilight
3585,64791.97399841794,20.822553441504628,63.44964238881714,36.983847142442805,70.8139658156348,r_57,r,greedy r,WFD (greedy)
3586,64792.97318331364,356.37800267272183,71.30048310150302,-11.913280546472793,98.53809354843041,r_57,r,greedy r,WFD (greedy)
3587,64793.97241219362,359.4265338281358,72.6807337011457,-0.534488040516097,89.84649585162555,r_57,r,greedy r,WFD (greedy)
3588,64794.9721074335,285.14745283655816,32.95908990510981,33.48625387558566,359.5199021261566,i_39,i,"twilight_near_sun, 0",twilight
3589,64795.97114697578,48.140864741847516,38.82586092792373,-24.497348249708757,154.89936474471244,r_57,r,greedy r,WFD (greedy)
3590,64796.97021201009,22.309159847641975,68.43857979713157,37.584688505117185,71.71267446575618,r_57,r,greedy r,WFD (greedy)
3591,64797.969493639204,19.10337887750506,63.73855966614021,-19.703308645237293,126.0426987126345,r_57,r,greedy r,WFD (greedy)
3592,64798.969150078294,72.78428775393819,40.696303076070926,36.97179515095359,109.37478236811864,r_57,r,"ToO, neutrino, r, 1307, i2, 1121",ToO
3593,64799.96843502748,72.25382016885311,41.295512411242164,-49.322255226822065,195.41874240333985,r_57,r,"ToO, neutrino, r, 1307, i5, 1127",ToO
3594,64800.967404572046,29.482822003316397,56.67461485146978,-53.95599652360657,168.98936262529867,r_57,r,greedy r,WFD (greedy)
3595,64801.96672992774,21.29572810112477,68.86200974494946,60.824658595950076,47.62367095410859,r_57,r,greedy r,WFD (greedy)
3596,64802.96642284189,280.5907364930748,31.883424233636326,44.25128853468305,346.62753481132023,i_39,i,"twilight_near_sun, 0",twilight
3597,64803.965672953615,70.01622391901381,43.702447989642046,46.24129107094704,98.73952286075517,u_24,u,"ToO, neutrino, u, 1307, i0, 1116",ToO
3598,64804.9650081625,69.42505578792483,44.30645188002525,54.46344799870744,90.20700078713713,r_57,r,"ToO, neutrino, r, 1307, i7, 1132",ToO
3599,64805.96396534915,346.55187985804633,71.42426375419473,-6.245054617493906,84.2166929935747,r_57,r,greedy r,WFD (greedy)
3601,64807.96277402605,24.725912012297403,58.38326481836928,-43.6080752529238,154.6712564801959,r_57,r,greedy r,WFD (greedy)
3602,64808.96216949449,26.914791517653892,56.465254816637156,0.887874808844557,112.01670466609059,r_57,r,greedy r,WFD (greedy)
3603,64809.96150678942,14.703429199122791,66.70658476852229,-32.50444437734785,135.14611729025486,r_57,r,greedy r,WFD (greedy)
3604,64811.319949062876,323.0646805986385,84.31519751951228,56.22032029082173,358.8405490873169,i_39,i,"pair_33, iz, bs 52, a",WFD (pairs)
3605,64811.9604107404,21.790122549376274,68.49564561425404,-58.39248371240512,167.26994310633975,r_57,r,greedy r,WFD (greedy)
3606,64812.95979497781,26.047857912773836,63.933799861093654,-41.84531892049136,154.168982286213,r_57,r,greedy r,WFD (greedy)
3607,64813.95919064291,1.1546999880999487,73.52031422247626,-28.94524814873833,119.82500765139807,r_57,r,greedy r,WFD (greedy)
3608,64814.95912047303,280.2698948725618,32.69214089839588,-36.23771998440304,66.85841118353657,i_39,i,"twilight_near_sun, 0",twilight
3609,64815.95817517575,27.86724001530345,70.47268465906849,-31.625992609822298,145.9572674208688,r_57,r,greedy r,WFD (greedy)
3612,64819.318750544044,5.566998862322864,63.018624921735515,15.088264282632469,79.92890624420636,r_57,r,"pair_33, gr, bs 52, a",WFD (pairs)
3613,64820.20616811109,28.357618558609317,82.12197526700643,50.96192421504795,65.74043645118904,y_10,y,"pair_33, yy, bs 52, a",WFD (pairs)
3615,64821.95523286922,348.6122142716657,65.90475807076788,24.266301833371504,55.70704451652838,r_57,r,greedy r,WFD (greedy)
3616,64822.95515807799,291.266284693899,32.65283832002487,-16.184935220399012,52.36575728898977,r_57,r,"twilight_near_sun, 0",twilight
3617,64824.20505977353,247.89540003665087,75.50469162138482,-41.80100538507665,28.688824106145493,y_10,y,"pair_33, yy, bs 52, a",WFD (pairs)
3618,64824.954097526854,40.257707127090725,42.42001202636012,-20.989386275351897,145.32187572536108,r_57,r,greedy r,WFD (greedy)
3619,64825.95362516833,16.728159020138275,62.670008668577125,56.66688699703218,47.66898094874366,r_57,r,greedy r,WFD (greedy)
3620,64826.95351094126,296.3063448110422,31.88141579165937,14.609641109002812,24.314101022067803,z_20,z,"twilight_near_sun, 0",twilight
3621,64828.08894518061,299.7685750390421,37.25673368462891,-43.66819648845348,84.94703590756649,r_57,r,"DD:COSMOS, 20360514, 2, 10703",DDF
3622,64828.95247029611,11.408005565581231,65.67815750097489,-4.790382445677226,104.59255801122961,r_57,r,greedy r,WFD (greedy)
3623,64829.9521403345,14.967536581267264,65.07130922464727,41.34730979583355,61.528233154483715,r_57,r,greedy r,WFD (greedy)
3624,64830.952150414545,294.4602379294852,30.32747637153002,20.18557599875305,17.65967568528672,z_20,z,"twilight_near_sun, 0",twilight
3628,64834.95080702374,359.3253177569987,43.43748730417564,17.66904528443007,71.6231668920666,r_57,r,"ToO, neutrino, r, 1318, i2, 1139",ToO
3630,64836.95023028687,337.3753409487082,73.57190168261697,-46.103357079033934,115.87379902417476,r_57,r,greedy r,WFD (greedy)
3631,64838.115933468536,88.65607821596821,61.09631084532768,56.18767423025977,107.1902043851724,u_24,u,"pair_33, ug, bs 52, a",WFD (pairs)
3632,64839.08966287651,207.06067041558862,83.82582356092085,9.198577895936793,289.8424827018915,u_24,u,"pair_33, ug, bs 52, a",WFD (pairs)
3633,64839.94972955949,353.34804362986495,43.18675550268385,-9.600366998757664,93.51460329110321,r_57,r,"ToO, neutrino, r, 1318, i7, 1150",ToO
3634,64840.94956891362,41.58948436592004,64.00857759915958,11.661062295606007,113.90113171605248,r_57,r,greedy r,WFD (greedy)
3635,64841.94931833032,356.892417029728,66.38697734343474,-51.539118737248934,138.75753354338545,r_57,r,greedy r,WFD (greedy)
3636,64842.94952727874,286.6165512988565,33.36999762317709,38.547414557370985,355.1721427110214,i_39,i,"twilight_near_sun, 0",twilight
3637,64843.94907605542,30.637290241978814,52.848506695839795,-33.228939598731856,149.3730093619817,r_57,r,greedy r,WFD (greedy)
3638,64844.94915229571,56.870628458276066,54.80073675016415,37.182829261718425,99.78885053578742,r_57,r,greedy r,WFD (greedy)
3639,64845.94893202487,320.71234356842274,73.75674757883262,4.798774225448752,50.155527922962754,r_57,r,greedy r,WFD (greedy)
3640,64846.94897304719,303.8661165021034,31.48103948765604,-26.758532416198186,70.08623542416271,z_20,z,"twilight_near_sun, 0",twilight
3641,64847.94869754631,15.629082486666134,70.58905056659752,-54.94896834406908,158.64745852227256,r_57,r,greedy r,WFD (greedy)
3642,64848.9485807225,11.329948452685816,67.87024856303795,39.192969860629155,60.649344572388465,r_57,r,greedy r,WFD (greedy)
3643,64849.94854202339,20.365771310681083,67.39059004003404,-37.5239089577735,145.214570232835,r_57,r,greedy r,WFD (greedy)
3644,64850.94886785839,292.1126541366932,33.44446850000106,-53.84556713426466,90.50090450580903,z_20,z,"twilight_near_sun, 0",twilight
3645,64851.948527057306,21.65754527235215,60.66153077033023,31.71924736460572,76.88659432520477,r_57,r,greedy r,WFD (greedy)
3646,64852.948463832436,6.138098743968171,71.62548194208584,-16.43682330633472,111.82185357415754,r_57,r,greedy r,WFD (greedy)
3647,64853.94874729535,54.118545818248805,70.67546431051642,-12.074591419335091,149.459503258559,r_57,r,greedy r,WFD (greedy)
3649,64856.19905559114,270.70430364924925,67.62554614324408,43.045353156354075,330.2835869494732,z_20,z,"pair_33, zy, bs 52, a",WFD (pairs)
3653,64860.3244776778,123.34099181222207,42.24232283462521,-53.481972685484486,229.1645290119879,y_10,y,"DD:ELAISS1, 20360613, 0, 1245",DDF
